{"stats":{"minecraft:custom":{"minecraft:time_since_rest":4387,"minecraft:walk_one_cm":5385,"minecraft:leave_game":3,"minecraft:mob_kills":1,"minecraft:damage_taken":687,"minecraft:damage_dealt":195,"minecraft:play_time":7879,"minecraft:jump":187,"minecraft:time_since_death":4333,"minecraft:drop":1,"minecraft:sprint_one_cm":32557,"minecraft:fall_one_cm":3830,"minecraft:total_world_time":7879,"minecraft:fly_one_cm":33649,"minecraft:walk_on_water_one_cm":254,"minecraft:deaths":2},"minecraft:picked_up":{"minecraft:birch_log":1,"minecraft:wheat_seeds":2,"minecraft:wildflowers":8,"minecraft:peony":1},"minecraft:killed_by":{"minecraft:creeper":1,"minecraft:zombie":1},"minecraft:killed":{"minecraft:sheep":1},"minecraft:mined":{"minecraft:short_grass":3,"minecraft:wildflowers":6,"minecraft:birch_log":1,"minecraft:peony":1},"minecraft:dropped":{"minecraft:wheat_seeds":1}},"DataVersion":4440}