{"stats":{"minecraft:picked_up":{"minecraft:birch_log":3,"minecraft:wheat_seeds":2,"minecraft:wildflowers":8,"minecraft:peony":1},"minecraft:killed":{"minecraft:sheep":1},"minecraft:killed_by":{"minecraft:creeper":1,"minecraft:zombie":1},"minecraft:mined":{"minecraft:short_grass":4,"minecraft:wildflowers":6,"minecraft:birch_log":3,"minecraft:peony":1},"minecraft:custom":{"minecraft:time_since_rest":8795,"minecraft:walk_one_cm":12666,"minecraft:leave_game":4,"minecraft:mob_kills":1,"minecraft:walk_under_water_one_cm":575,"minecraft:damage_taken":687,"minecraft:damage_dealt":195,"minecraft:play_time":12287,"minecraft:jump":203,"minecraft:time_since_death":8741,"minecraft:drop":1,"minecraft:sprint_one_cm":32557,"minecraft:fall_one_cm":3830,"minecraft:total_world_time":12287,"minecraft:fly_one_cm":33649,"minecraft:walk_on_water_one_cm":734,"minecraft:deaths":2},"minecraft:dropped":{"minecraft:wheat_seeds":1}},"DataVersion":4440}