{"stats":{"minecraft:crafted":{"minecraft:stone_sword":1,"minecraft:furnace":1,"minecraft:oak_boat":1,"minecraft:birch_planks":52,"minecraft:iron_chestplate":1,"minecraft:iron_boots":1,"minecraft:crafting_table":3,"minecraft:torch":32,"minecraft:stick":24,"minecraft:wooden_pickaxe":1,"minecraft:shield":1,"minecraft:stone_axe":1,"minecraft:oak_planks":72,"minecraft:iron_helmet":1,"minecraft:iron_pickaxe":1,"minecraft:iron_shovel":1,"minecraft:iron_sword":1,"minecraft:iron_axe":1,"minecraft:iron_leggings":1},"minecraft:used":{"minecraft:stone_axe":19,"minecraft:iron_axe":20,"minecraft:iron_pickaxe":94,"minecraft:wooden_pickaxe":7,"minecraft:potato":105,"minecraft:oak_boat":2,"minecraft:oak_log":16,"minecraft:iron_sword":12,"minecraft:rotten_flesh":2,"minecraft:crafting_table":8,"minecraft:oak_sapling":1,"minecraft:furnace":1,"minecraft:cooked_porkchop":2,"minecraft:torch":4,"minecraft:dirt":14,"minecraft:iron_shovel":8},"minecraft:custom":{"minecraft:interact_with_crafting_table":12,"minecraft:time_since_rest":23384,"minecraft:walk_one_cm":88710,"minecraft:leave_game":7,"minecraft:walk_under_water_one_cm":451,"minecraft:damage_taken":447,"minecraft:mob_kills":6,"minecraft:play_time":29390,"minecraft:damage_dealt":1206,"minecraft:jump":427,"minecraft:time_since_death":23350,"minecraft:drop":8,"minecraft:interact_with_furnace":12,"minecraft:sprint_one_cm":40044,"minecraft:open_chest":2,"minecraft:fall_one_cm":9968,"minecraft:happy_ghast_one_cm":63020,"minecraft:total_world_time":29390,"minecraft:fly_one_cm":64359,"minecraft:walk_on_water_one_cm":2640,"minecraft:crouch_one_cm":928,"minecraft:sneak_time":385,"minecraft:deaths":1},"minecraft:picked_up":{"minecraft:porkchop":2,"minecraft:poisonous_potato":2,"minecraft:dirt":26,"minecraft:cobblestone":54,"minecraft:oak_boat":2,"minecraft:sugar_cane":6,"minecraft:cooked_porkchop":2,"minecraft:crafting_table":6,"minecraft:oak_sapling":1,"minecraft:iron_ingot":60,"minecraft:rotten_flesh":6,"minecraft:andesite":16,"minecraft:water_bucket":1,"minecraft:ender_pearl":1,"minecraft:coal":36,"minecraft:oak_log":81,"minecraft:stone_sword":1,"minecraft:potato":393,"minecraft:stone_axe":1,"minecraft:furnace":1,"minecraft:birch_log":13},"minecraft:killed_by":{"minecraft:creeper":1},"minecraft:killed":{"minecraft:zombie":4,"minecraft:pig":1},"minecraft:mined":{"minecraft:tall_grass":1,"minecraft:dirt":13,"minecraft:birch_leaves":1,"minecraft:andesite":8,"minecraft:coal_ore":38,"minecraft:grass_block":9,"minecraft:sugar_cane":2,"minecraft:short_grass":5,"minecraft:oak_leaves":17,"minecraft:dirt_path":3,"minecraft:furnace":1,"minecraft:potatoes":106,"minecraft:crafting_table":7,"minecraft:birch_log":13,"minecraft:oak_log":34,"minecraft:stone":54},"minecraft:dropped":{"minecraft:rotten_flesh":4,"minecraft:andesite":8,"minecraft:stone_sword":2,"minecraft:stone_axe":2,"minecraft:wooden_pickaxe":1}},"DataVersion":4440}