{"stats":{"minecraft:used":{"minecraft:stone_axe":19,"minecraft:rotten_flesh":2,"minecraft:iron_axe":3,"minecraft:crafting_table":7,"minecraft:wooden_pickaxe":7,"minecraft:iron_pickaxe":45,"minecraft:oak_sapling":1,"minecraft:furnace":1,"minecraft:cooked_porkchop":1,"minecraft:dirt":14,"minecraft:iron_shovel":4},"minecraft:crafted":{"minecraft:furnace":1,"minecraft:stone_sword":1,"minecraft:birch_planks":52,"minecraft:iron_boots":1,"minecraft:iron_chestplate":1,"minecraft:crafting_table":3,"minecraft:stick":24,"minecraft:wooden_pickaxe":1,"minecraft:shield":1,"minecraft:stone_axe":1,"minecraft:oak_planks":72,"minecraft:iron_helmet":1,"minecraft:iron_pickaxe":1,"minecraft:iron_shovel":1,"minecraft:iron_sword":1,"minecraft:iron_axe":1,"minecraft:iron_leggings":1},"minecraft:custom":{"minecraft:interact_with_crafting_table":11,"minecraft:time_since_rest":15091,"minecraft:walk_one_cm":49514,"minecraft:leave_game":5,"minecraft:walk_under_water_one_cm":451,"minecraft:mob_kills":3,"minecraft:damage_taken":375,"minecraft:play_time":21097,"minecraft:damage_dealt":486,"minecraft:jump":222,"minecraft:time_since_death":15057,"minecraft:drop":5,"minecraft:interact_with_furnace":12,"minecraft:sprint_one_cm":21237,"minecraft:open_chest":2,"minecraft:fall_one_cm":5412,"minecraft:happy_ghast_one_cm":63020,"minecraft:total_world_time":21097,"minecraft:fly_one_cm":27253,"minecraft:walk_on_water_one_cm":2506,"minecraft:crouch_one_cm":458,"minecraft:sneak_time":248,"minecraft:deaths":1},"minecraft:picked_up":{"minecraft:porkchop":2,"minecraft:dirt":21,"minecraft:cobblestone":43,"minecraft:sugar_cane":6,"minecraft:cooked_porkchop":2,"minecraft:crafting_table":5,"minecraft:oak_sapling":1,"minecraft:iron_ingot":60,"minecraft:rotten_flesh":2,"minecraft:water_bucket":1,"minecraft:coal":6,"minecraft:oak_log":18,"minecraft:stone_sword":1,"minecraft:stone_axe":1,"minecraft:furnace":1,"minecraft:birch_log":13},"minecraft:killed_by":{"minecraft:creeper":1},"minecraft:killed":{"minecraft:zombie":2,"minecraft:pig":1},"minecraft:mined":{"minecraft:tall_grass":1,"minecraft:dirt":13,"minecraft:birch_leaves":1,"minecraft:grass_block":5,"minecraft:coal_ore":8,"minecraft:sugar_cane":2,"minecraft:short_grass":5,"minecraft:oak_leaves":17,"minecraft:dirt_path":3,"minecraft:furnace":1,"minecraft:crafting_table":6,"minecraft:birch_log":13,"minecraft:oak_log":18,"minecraft:stone":43},"minecraft:dropped":{"minecraft:stone_sword":2,"minecraft:stone_axe":2,"minecraft:wooden_pickaxe":1}},"DataVersion":4440}