{"stats":{"minecraft:used":{"minecraft:stone_axe":127,"minecraft:iron_axe":225,"minecraft:leaf_litter":61,"minecraft:wildflowers":10,"minecraft:shield":164,"minecraft:iron_pickaxe":883,"minecraft:andesite":11,"minecraft:diamond_sword":134,"minecraft:cobbled_deepslate_slab":5,"minecraft:dark_oak_log":5,"minecraft:potato":57,"minecraft:iron_sword":742,"minecraft:wheat_seeds":26,"minecraft:diamond_pickaxe":1250,"minecraft:bookshelf":21,"minecraft:light_gray_wool":13,"minecraft:cooked_porkchop":14,"minecraft:blast_furnace":4,"minecraft:stone_sword":8,"minecraft:lava_bucket":7,"minecraft:oxeye_daisy":1,"minecraft:damaged_anvil":2,"minecraft:wooden_pickaxe":6,"minecraft:pale_oak_planks":13,"minecraft:cobblestone":111,"minecraft:stone":3,"minecraft:carrot":65,"minecraft:crafting_table":25,"minecraft:birch_boat":17,"minecraft:green_wool":1,"minecraft:calcite":3,"minecraft:stone_pickaxe":52,"minecraft:bow":43,"minecraft:baked_potato":1,"minecraft:iron_leggings":1,"minecraft:cobbled_deepslate":260,"minecraft:yellow_bed":1,"minecraft:smoker":3,"minecraft:birch_planks":22,"minecraft:iron_hoe":2250,"minecraft:rotten_flesh":8,"minecraft:water_bucket":96,"minecraft:bone_meal":84,"minecraft:dark_oak_planks":16,"minecraft:pale_oak_log":28,"minecraft:furnace":16,"minecraft:mutton":1,"minecraft:torch":219,"minecraft:bread":56,"minecraft:dirt":27,"minecraft:black_bed":1,"minecraft:cooked_salmon":13,"minecraft:cobblestone_stairs":5,"minecraft:leather_boots":1,"minecraft:birch_log":6,"minecraft:white_wool":1,"minecraft:gray_wool":1,"minecraft:cooked_beef":6,"minecraft:bucket":104,"minecraft:chest":1,"minecraft:iron_helmet":1,"minecraft:dripstone_block":1,"minecraft:enchanting_table":2,"minecraft:beef":5,"minecraft:oak_sapling":1},"minecraft:crafted":{"minecraft:stone_sword":1,"minecraft:cooked_salmon":16,"minecraft:diamond_boots":1,"minecraft:gold_ingot":50,"minecraft:iron_chestplate":1,"minecraft:stick":120,"minecraft:leather_boots":1,"minecraft:cooked_porkchop":14,"minecraft:iron_helmet":1,"minecraft:diamond_pickaxe":2,"minecraft:chest":1,"minecraft:bookshelf":23,"minecraft:air":0,"minecraft:bucket":3,"minecraft:bone_meal":138,"minecraft:dark_oak_planks":20,"minecraft:blast_furnace":4,"minecraft:iron_hoe":9,"minecraft:bundle":2,"minecraft:oak_planks":8,"minecraft:cobbled_deepslate_slab":6,"minecraft:enchanting_table":1,"minecraft:iron_sword":4,"minecraft:pale_oak_wood":3,"minecraft:smoker":2,"minecraft:birch_planks":140,"minecraft:stone_pickaxe":1,"minecraft:iron_boots":1,"minecraft:smooth_stone":24,"minecraft:charcoal":23,"minecraft:wooden_pickaxe":1,"minecraft:cooked_beef":6,"minecraft:diamond_chestplate":1,"minecraft:diamond_sword":1,"minecraft:wheat":216,"minecraft:raw_iron":198,"minecraft:furnace":14,"minecraft:birch_boat":3,"minecraft:pale_oak_planks":136,"minecraft:black_bed":1,"minecraft:iron_ingot":345,"minecraft:diamond_helmet":1,"minecraft:bread":81,"minecraft:stone":48,"minecraft:raw_iron_block":21,"minecraft:crafting_table":16,"minecraft:diamond_leggings":1,"minecraft:torch":248,"minecraft:baked_potato":73,"minecraft:shield":2,"minecraft:stone_axe":2,"minecraft:iron_pickaxe":5,"minecraft:iron_axe":1,"minecraft:iron_leggings":1},"minecraft:picked_up":{"minecraft:poisonous_potato":1,"minecraft:name_tag":7,"minecraft:enchanting_table":4,"minecraft:pale_oak_log":466,"minecraft:cobblestone":514,"minecraft:redstone":190,"minecraft:bone":165,"minecraft:slime_ball":15,"minecraft:iron_sword":9,"minecraft:diamond":93,"minecraft:granite":14,"minecraft:smoker":1,"minecraft:emerald":56,"minecraft:lily_pad":12,"minecraft:book":625,"minecraft:salmon":16,"minecraft:wildflowers":23,"minecraft:charcoal":1,"minecraft:bow":6,"minecraft:birch_boat":34,"minecraft:smooth_basalt":3,"minecraft:arrow":68,"minecraft:iron_ingot":25,"minecraft:dark_oak_planks":98,"minecraft:hay_block":24,"minecraft:raw_gold":58,"minecraft:dandelion":1,"minecraft:mutton":22,"minecraft:iron_chestplate":1,"minecraft:dirt":46,"minecraft:open_eyeblossom":1,"minecraft:rail":71,"minecraft:brown_wool":2,"minecraft:torch":138,"minecraft:dripstone_block":6,"minecraft:cobblestone_stairs":5,"minecraft:bread":2,"minecraft:iron_boots":1,"minecraft:oxeye_daisy":1,"minecraft:coal":235,"minecraft:oak_log":6,"minecraft:birch_planks":80,"minecraft:furnace":30,"minecraft:wheat_seeds":119,"minecraft:iron_pickaxe":6,"minecraft:iron_leggings":1,"minecraft:diamond_sword":2,"minecraft:birch_sapling":1,"minecraft:totem_of_undying":16,"minecraft:poppy":3,"minecraft:cooked_beef":10,"minecraft:white_wool":14,"minecraft:andesite":34,"minecraft:diamond_hoe":9,"minecraft:ender_pearl":1,"minecraft:string":46,"minecraft:raw_iron_block":1,"minecraft:obsidian":28,"minecraft:white_carpet":11,"minecraft:sandstone":1,"minecraft:iron_helmet":1,"minecraft:carrot":40,"minecraft:leather":32,"minecraft:resin_clump":83,"minecraft:water_bucket":1,"minecraft:melon_seeds":2,"minecraft:glow_ink_sac":6,"minecraft:carved_pumpkin":1,"minecraft:porkchop":18,"minecraft:stick":10,"minecraft:black_wool":3,"minecraft:vex_armor_trim_smithing_template":10,"minecraft:cooked_salmon":66,"minecraft:cooked_porkchop":4,"minecraft:green_wool":1,"minecraft:iron_axe":2,"minecraft:red_carpet":5,"minecraft:raw_iron":366,"minecraft:cobbled_deepslate":541,"minecraft:pointed_dripstone":11,"minecraft:lapis_block":2,"minecraft:stone_axe":1,"minecraft:mossy_cobblestone":39,"minecraft:amethyst_block":3,"minecraft:wheat":30,"minecraft:damaged_anvil":5,"minecraft:gunpowder":16,"minecraft:chest":1,"minecraft:yellow_bed":1,"minecraft:cobbled_deepslate_slab":4,"minecraft:gravel":17,"minecraft:light_gray_wool":33,"minecraft:tuff":60,"minecraft:leaf_litter":211,"minecraft:pale_oak_planks":236,"minecraft:potato":130,"minecraft:birch_log":45,"minecraft:shield":9,"minecraft:lapis_lazuli":246,"minecraft:spider_eye":10,"minecraft:bone_meal":1,"minecraft:dark_oak_log":43,"minecraft:diorite":22,"minecraft:oak_planks":2,"minecraft:crafting_table":15,"minecraft:raw_copper":105,"minecraft:oak_sapling":2,"minecraft:beef":18,"minecraft:rotten_flesh":58,"minecraft:calcite":3,"minecraft:gray_wool":1},"minecraft:killed":{"minecraft:slime":19,"minecraft:skeleton":71,"minecraft:iron_golem":1,"minecraft:pig":9,"minecraft:vindicator":11,"minecraft:bat":1,"minecraft:spider":16,"minecraft:salmon":16,"minecraft:zombie":80,"minecraft:cave_spider":6,"minecraft:glow_squid":1,"minecraft:creeper":10,"minecraft:zombie_villager":1,"minecraft:chicken":1,"minecraft:enderman":3,"minecraft:evoker":2,"minecraft:sheep":13,"minecraft:creaking":1,"minecraft:drowned":1,"minecraft:cow":7,"minecraft:vex":2},"minecraft:killed_by":{"minecraft:skeleton":1,"minecraft:player":1,"minecraft:vindicator":2,"minecraft:vex":6,"minecraft:zombie":3},"minecraft:mined":{"minecraft:torch":13,"minecraft:sculk":2118,"minecraft:spawner":1,"minecraft:chest":1,"minecraft:smooth_basalt":3,"minecraft:carrots":12,"minecraft:gravel":16,"minecraft:short_grass":19,"minecraft:amethyst_block":3,"minecraft:sculk_catalyst":3,"minecraft:crafting_table":11,"minecraft:pale_hanging_moss":15,"minecraft:birch_log":45,"minecraft:deepslate_redstone_ore":44,"minecraft:leaf_litter":4,"minecraft:black_wool":3,"minecraft:obsidian":15,"minecraft:dark_oak_planks":20,"minecraft:copper_ore":28,"minecraft:raw_iron_block":1,"minecraft:sandstone":1,"minecraft:open_eyeblossom":1,"minecraft:gold_ore":8,"minecraft:birch_leaves":14,"minecraft:andesite":34,"minecraft:deepslate_gold_ore":50,"minecraft:wall_torch":19,"minecraft:resin_clump":7,"minecraft:deepslate_diamond_ore":92,"minecraft:deepslate_lapis_ore":32,"minecraft:deepslate_iron_ore":197,"minecraft:potatoes":35,"minecraft:dripstone_block":5,"minecraft:birch_planks":8,"minecraft:iron_ore":152,"minecraft:stone":369,"minecraft:pale_moss_block":1,"minecraft:glass_pane":10,"minecraft:dark_oak_log":18,"minecraft:granite":14,"minecraft:cobblestone_stairs":5,"minecraft:dandelion":1,"minecraft:coal_ore":163,"minecraft:diorite":34,"minecraft:sculk_sensor":20,"minecraft:wheat":39,"minecraft:hay_block":24,"minecraft:cobblestone":60,"minecraft:smoker":1,"minecraft:oak_leaves":16,"minecraft:furnace":10,"minecraft:light_gray_wool":11,"minecraft:sculk_vein":137,"minecraft:bookshelf":44,"minecraft:white_carpet":1,"minecraft:deepslate_copper_ore":1,"minecraft:glow_lichen":2,"minecraft:powder_snow":10,"minecraft:wildflowers":6,"minecraft:pointed_dripstone":1,"minecraft:enchanting_table":2,"minecraft:creaking_heart":1,"minecraft:lily_pad":8,"minecraft:rail":71,"minecraft:cobbled_deepslate_slab":2,"minecraft:mossy_cobblestone":39,"minecraft:dirt":28,"minecraft:grass_block":11,"minecraft:cobweb":26,"minecraft:cobbled_deepslate":17,"minecraft:white_wool":1,"minecraft:tuff":60,"minecraft:pale_oak_log":155,"minecraft:damaged_anvil":3,"minecraft:pale_oak_leaves":20,"minecraft:deepslate":532,"minecraft:calcite":3,"minecraft:pale_oak_planks":9,"minecraft:oak_log":5,"minecraft:lapis_ore":9},"minecraft:custom":{"minecraft:time_since_rest":41860,"minecraft:leave_game":15,"minecraft:damage_taken":10743,"minecraft:mob_kills":278,"minecraft:time_since_death":89576,"minecraft:interact_with_furnace":100,"minecraft:sleep_in_bed":3,"minecraft:swim_one_cm":66982,"minecraft:total_world_time":473447,"minecraft:crouch_one_cm":35651,"minecraft:climb_one_cm":6992,"minecraft:deaths":18,"minecraft:player_kills":2,"minecraft:enchant_item":5,"minecraft:damage_blocked_by_shield":8107,"minecraft:interact_with_crafting_table":107,"minecraft:walk_one_cm":1174278,"minecraft:walk_under_water_one_cm":38867,"minecraft:damage_dealt":44011,"minecraft:play_time":473447,"minecraft:jump":9095,"minecraft:drop":150,"minecraft:sprint_one_cm":977661,"minecraft:open_chest":90,"minecraft:interact_with_smoker":17,"minecraft:fall_one_cm":278112,"minecraft:fly_one_cm":1314687,"minecraft:interact_with_anvil":5,"minecraft:walk_on_water_one_cm":87345,"minecraft:sneak_time":18593,"minecraft:interact_with_blast_furnace":41,"minecraft:interact_with_grindstone":1},"minecraft:broken":{"minecraft:iron_helmet":1,"minecraft:iron_hoe":9,"minecraft:iron_pickaxe":3,"minecraft:iron_boots":1,"minecraft:iron_sword":3},"minecraft:dropped":{"minecraft:lily_pad":6,"minecraft:mossy_cobblestone":1,"minecraft:wheat":3,"minecraft:gravel":17,"minecraft:poppy":3,"minecraft:wheat_seeds":3,"minecraft:iron_ingot":12,"minecraft:stone_pickaxe":1,"minecraft:shield":1,"minecraft:oak_sapling":2,"minecraft:enchanting_table":3,"minecraft:light_gray_wool":3,"minecraft:white_carpet":3,"minecraft:open_eyeblossom":1,"minecraft:book":62,"minecraft:dandelion":2,"minecraft:string":3,"minecraft:iron_leggings":1,"minecraft:stick":13,"minecraft:arrow":1,"minecraft:cooked_salmon":6,"minecraft:carrot":1,"minecraft:gunpowder":4,"minecraft:bread":3,"minecraft:spider_eye":6,"minecraft:iron_pickaxe":1,"minecraft:baked_potato":2,"minecraft:diorite":20,"minecraft:rotten_flesh":56,"minecraft:red_carpet":5,"minecraft:cobblestone":2,"minecraft:pointed_dripstone":4,"minecraft:iron_chestplate":1,"minecraft:stone_sword":1,"minecraft:torch":10,"minecraft:leather_boots":1,"minecraft:bow":4,"minecraft:white_wool":2,"minecraft:dirt":17,"minecraft:raw_copper":4,"minecraft:obsidian":14,"minecraft:resin_clump":2,"minecraft:birch_boat":2,"minecraft:granite":11,"minecraft:diamond":2,"minecraft:brown_wool":1,"minecraft:coal":1,"minecraft:wildflowers":6,"minecraft:bone_meal":1,"minecraft:poisonous_potato":1,"minecraft:birch_sapling":1,"minecraft:leaf_litter":15,"minecraft:pale_oak_log":55,"minecraft:wooden_pickaxe":1,"minecraft:diamond_sword":2,"minecraft:raw_iron":3,"minecraft:slime_ball":1,"minecraft:mutton":2,"minecraft:glow_ink_sac":6}},"DataVersion":4440}