{"stats":{"minecraft:used":{"minecraft:stone_axe":127,"minecraft:iron_axe":180,"minecraft:wildflowers":10,"minecraft:shield":163,"minecraft:iron_pickaxe":883,"minecraft:andesite":11,"minecraft:diamond_sword":103,"minecraft:dark_oak_log":5,"minecraft:potato":3,"minecraft:iron_sword":742,"minecraft:wheat_seeds":26,"minecraft:diamond_pickaxe":993,"minecraft:light_gray_wool":13,"minecraft:cooked_porkchop":14,"minecraft:blast_furnace":2,"minecraft:stone_sword":8,"minecraft:oxeye_daisy":1,"minecraft:wooden_pickaxe":6,"minecraft:pale_oak_planks":6,"minecraft:cobblestone":76,"minecraft:stone":1,"minecraft:carrot":65,"minecraft:crafting_table":22,"minecraft:birch_boat":17,"minecraft:green_wool":1,"minecraft:stone_pickaxe":52,"minecraft:calcite":3,"minecraft:bow":43,"minecraft:iron_leggings":1,"minecraft:cobbled_deepslate":174,"minecraft:birch_planks":22,"minecraft:iron_hoe":2250,"minecraft:rotten_flesh":8,"minecraft:water_bucket":71,"minecraft:bone_meal":12,"minecraft:dark_oak_planks":16,"minecraft:pale_oak_log":28,"minecraft:furnace":16,"minecraft:mutton":1,"minecraft:bread":45,"minecraft:torch":197,"minecraft:dirt":8,"minecraft:black_bed":1,"minecraft:cooked_salmon":13,"minecraft:cobblestone_stairs":2,"minecraft:leather_boots":1,"minecraft:birch_log":6,"minecraft:white_wool":1,"minecraft:gray_wool":1,"minecraft:cooked_beef":6,"minecraft:bucket":72,"minecraft:chest":1,"minecraft:iron_helmet":1,"minecraft:dripstone_block":1,"minecraft:beef":5,"minecraft:oak_sapling":1},"minecraft:crafted":{"minecraft:stone_sword":1,"minecraft:cooked_salmon":16,"minecraft:diamond_boots":1,"minecraft:birch_planks":136,"minecraft:stone_pickaxe":1,"minecraft:iron_chestplate":1,"minecraft:iron_boots":1,"minecraft:stick":116,"minecraft:smooth_stone":12,"minecraft:charcoal":23,"minecraft:wooden_pickaxe":1,"minecraft:cooked_beef":6,"minecraft:leather_boots":1,"minecraft:cooked_porkchop":14,"minecraft:iron_helmet":1,"minecraft:diamond_pickaxe":1,"minecraft:chest":1,"minecraft:bookshelf":23,"minecraft:diamond_chestplate":1,"minecraft:diamond_sword":1,"minecraft:air":0,"minecraft:wheat":216,"minecraft:raw_iron":198,"minecraft:bucket":1,"minecraft:bone_meal":81,"minecraft:furnace":10,"minecraft:birch_boat":3,"minecraft:pale_oak_planks":136,"minecraft:black_bed":1,"minecraft:dark_oak_planks":20,"minecraft:iron_ingot":114,"minecraft:diamond_helmet":1,"minecraft:bread":78,"minecraft:stone":26,"minecraft:blast_furnace":2,"minecraft:raw_iron_block":21,"minecraft:crafting_table":14,"minecraft:iron_hoe":9,"minecraft:diamond_leggings":1,"minecraft:torch":248,"minecraft:shield":1,"minecraft:bundle":2,"minecraft:stone_axe":2,"minecraft:iron_pickaxe":5,"minecraft:iron_sword":4,"minecraft:pale_oak_wood":3,"minecraft:iron_leggings":1},"minecraft:picked_up":{"minecraft:name_tag":7,"minecraft:pale_oak_log":466,"minecraft:cobblestone":476,"minecraft:bone":155,"minecraft:redstone":169,"minecraft:diamond":93,"minecraft:slime_ball":15,"minecraft:iron_sword":9,"minecraft:granite":14,"minecraft:emerald":56,"minecraft:lily_pad":12,"minecraft:book":562,"minecraft:salmon":16,"minecraft:wildflowers":23,"minecraft:charcoal":1,"minecraft:bow":5,"minecraft:birch_boat":34,"minecraft:smooth_basalt":3,"minecraft:arrow":58,"minecraft:iron_ingot":25,"minecraft:dark_oak_planks":98,"minecraft:hay_block":24,"minecraft:raw_gold":58,"minecraft:mutton":20,"minecraft:iron_chestplate":1,"minecraft:dirt":27,"minecraft:open_eyeblossom":1,"minecraft:brown_wool":2,"minecraft:rail":71,"minecraft:torch":120,"minecraft:dripstone_block":6,"minecraft:cobblestone_stairs":2,"minecraft:iron_boots":1,"minecraft:oxeye_daisy":1,"minecraft:coal":235,"minecraft:birch_planks":80,"minecraft:furnace":30,"minecraft:wheat_seeds":49,"minecraft:iron_pickaxe":6,"minecraft:iron_leggings":1,"minecraft:diamond_sword":2,"minecraft:birch_sapling":1,"minecraft:totem_of_undying":16,"minecraft:poppy":3,"minecraft:cooked_beef":10,"minecraft:white_wool":12,"minecraft:andesite":34,"minecraft:diamond_hoe":9,"minecraft:ender_pearl":1,"minecraft:string":46,"minecraft:raw_iron_block":1,"minecraft:obsidian":28,"minecraft:white_carpet":11,"minecraft:iron_helmet":1,"minecraft:carrot":40,"minecraft:leather":32,"minecraft:resin_clump":83,"minecraft:water_bucket":1,"minecraft:glow_ink_sac":6,"minecraft:carved_pumpkin":1,"minecraft:porkchop":14,"minecraft:stick":8,"minecraft:black_wool":3,"minecraft:vex_armor_trim_smithing_template":10,"minecraft:cooked_salmon":66,"minecraft:cooked_porkchop":4,"minecraft:green_wool":1,"minecraft:iron_axe":2,"minecraft:red_carpet":5,"minecraft:raw_iron":366,"minecraft:cobbled_deepslate":405,"minecraft:pointed_dripstone":11,"minecraft:lapis_block":2,"minecraft:stone_axe":1,"minecraft:mossy_cobblestone":1,"minecraft:amethyst_block":3,"minecraft:wheat":19,"minecraft:damaged_anvil":4,"minecraft:gunpowder":9,"minecraft:gravel":17,"minecraft:light_gray_wool":33,"minecraft:tuff":60,"minecraft:leaf_litter":150,"minecraft:pale_oak_planks":230,"minecraft:potato":3,"minecraft:birch_log":40,"minecraft:shield":9,"minecraft:lapis_lazuli":246,"minecraft:spider_eye":10,"minecraft:bone_meal":1,"minecraft:dark_oak_log":43,"minecraft:diorite":22,"minecraft:oak_planks":2,"minecraft:crafting_table":14,"minecraft:raw_copper":103,"minecraft:oak_sapling":2,"minecraft:rotten_flesh":58,"minecraft:beef":18,"minecraft:calcite":3,"minecraft:gray_wool":1},"minecraft:killed":{"minecraft:slime":19,"minecraft:skeleton":62,"minecraft:iron_golem":1,"minecraft:pig":7,"minecraft:vindicator":11,"minecraft:bat":1,"minecraft:spider":16,"minecraft:salmon":16,"minecraft:zombie":80,"minecraft:cave_spider":6,"minecraft:glow_squid":1,"minecraft:creeper":10,"minecraft:zombie_villager":1,"minecraft:chicken":1,"minecraft:enderman":3,"minecraft:sheep":11,"minecraft:creaking":1,"minecraft:evoker":2,"minecraft:cow":7,"minecraft:drowned":1,"minecraft:vex":2},"minecraft:killed_by":{"minecraft:skeleton":1,"minecraft:player":1,"minecraft:vindicator":2,"minecraft:vex":6,"minecraft:zombie":3},"minecraft:mined":{"minecraft:torch":10,"minecraft:sculk":2118,"minecraft:spawner":1,"minecraft:smooth_basalt":3,"minecraft:carrots":12,"minecraft:gravel":16,"minecraft:amethyst_block":3,"minecraft:short_grass":9,"minecraft:sculk_catalyst":3,"minecraft:crafting_table":10,"minecraft:birch_log":39,"minecraft:pale_hanging_moss":15,"minecraft:deepslate_redstone_ore":40,"minecraft:leaf_litter":1,"minecraft:black_wool":3,"minecraft:obsidian":15,"minecraft:dark_oak_planks":20,"minecraft:copper_ore":28,"minecraft:raw_iron_block":1,"minecraft:open_eyeblossom":1,"minecraft:gold_ore":8,"minecraft:birch_leaves":14,"minecraft:andesite":34,"minecraft:deepslate_gold_ore":50,"minecraft:wall_torch":12,"minecraft:resin_clump":7,"minecraft:deepslate_lapis_ore":32,"minecraft:deepslate_diamond_ore":92,"minecraft:deepslate_iron_ore":197,"minecraft:potatoes":1,"minecraft:dripstone_block":5,"minecraft:birch_planks":8,"minecraft:iron_ore":152,"minecraft:stone":356,"minecraft:pale_moss_block":1,"minecraft:glass_pane":10,"minecraft:granite":14,"minecraft:dark_oak_log":18,"minecraft:cobblestone_stairs":2,"minecraft:coal_ore":163,"minecraft:wheat":19,"minecraft:diorite":34,"minecraft:sculk_sensor":20,"minecraft:cobblestone":31,"minecraft:hay_block":24,"minecraft:oak_leaves":16,"minecraft:furnace":10,"minecraft:light_gray_wool":11,"minecraft:sculk_vein":137,"minecraft:bookshelf":23,"minecraft:white_carpet":1,"minecraft:deepslate_copper_ore":1,"minecraft:glow_lichen":2,"minecraft:powder_snow":10,"minecraft:wildflowers":6,"minecraft:pointed_dripstone":1,"minecraft:creaking_heart":1,"minecraft:lily_pad":8,"minecraft:rail":71,"minecraft:dirt":28,"minecraft:mossy_cobblestone":1,"minecraft:grass_block":11,"minecraft:cobweb":26,"minecraft:cobbled_deepslate":2,"minecraft:white_wool":1,"minecraft:tuff":60,"minecraft:pale_oak_log":155,"minecraft:damaged_anvil":2,"minecraft:pale_oak_leaves":20,"minecraft:deepslate":411,"minecraft:calcite":3,"minecraft:pale_oak_planks":1,"minecraft:lapis_ore":9},"minecraft:custom":{"minecraft:time_since_rest":18399,"minecraft:leave_game":13,"minecraft:damage_taken":10480,"minecraft:mob_kills":265,"minecraft:time_since_death":18366,"minecraft:interact_with_furnace":89,"minecraft:sleep_in_bed":1,"minecraft:swim_one_cm":51023,"minecraft:total_world_time":402237,"minecraft:crouch_one_cm":34856,"minecraft:deaths":18,"minecraft:climb_one_cm":2639,"minecraft:player_kills":2,"minecraft:damage_blocked_by_shield":8057,"minecraft:interact_with_crafting_table":85,"minecraft:walk_one_cm":1019246,"minecraft:walk_under_water_one_cm":34714,"minecraft:damage_dealt":42223,"minecraft:play_time":402237,"minecraft:jump":8152,"minecraft:drop":128,"minecraft:sprint_one_cm":869817,"minecraft:open_chest":52,"minecraft:fall_one_cm":249871,"minecraft:fly_one_cm":1172223,"minecraft:walk_on_water_one_cm":67656,"minecraft:sneak_time":17703,"minecraft:interact_with_blast_furnace":6,"minecraft:interact_with_grindstone":1},"minecraft:dropped":{"minecraft:rotten_flesh":56,"minecraft:lily_pad":6,"minecraft:red_carpet":5,"minecraft:cobblestone":2,"minecraft:pointed_dripstone":4,"minecraft:leather_boots":1,"minecraft:wheat":1,"minecraft:stone_sword":1,"minecraft:torch":10,"minecraft:mossy_cobblestone":1,"minecraft:bow":4,"minecraft:gravel":17,"minecraft:white_wool":2,"minecraft:dirt":17,"minecraft:poppy":3,"minecraft:obsidian":14,"minecraft:iron_ingot":12,"minecraft:resin_clump":2,"minecraft:birch_boat":2,"minecraft:diamond":2,"minecraft:stone_pickaxe":1,"minecraft:brown_wool":1,"minecraft:coal":1,"minecraft:oak_sapling":2,"minecraft:wildflowers":6,"minecraft:bone_meal":1,"minecraft:light_gray_wool":3,"minecraft:birch_sapling":1,"minecraft:white_carpet":3,"minecraft:open_eyeblossom":1,"minecraft:leaf_litter":15,"minecraft:dandelion":1,"minecraft:string":3,"minecraft:pale_oak_log":55,"minecraft:wooden_pickaxe":1,"minecraft:diamond_sword":2,"minecraft:stick":11,"minecraft:raw_iron":3,"minecraft:arrow":1,"minecraft:carrot":1,"minecraft:cooked_salmon":6,"minecraft:gunpowder":4,"minecraft:bread":1,"minecraft:spider_eye":6,"minecraft:iron_pickaxe":1,"minecraft:mutton":2,"minecraft:glow_ink_sac":6},"minecraft:broken":{"minecraft:iron_helmet":1,"minecraft:iron_hoe":9,"minecraft:iron_pickaxe":3,"minecraft:iron_boots":1,"minecraft:iron_sword":3}},"DataVersion":4440}