{"stats":{"minecraft:used":{"minecraft:painting":1,"minecraft:iron_axe":408,"minecraft:leaf_litter":61,"minecraft:diamond_hoe":1329,"minecraft:white_banner":1,"minecraft:diamond_sword":910,"minecraft:cobbled_deepslate_slab":433,"minecraft:potato":229,"minecraft:wheat_seeds":26,"minecraft:oak_sign":3,"minecraft:lantern":3,"minecraft:cooked_porkchop":14,"minecraft:iron_shovel":621,"minecraft:deepslate_tile_slab":113,"minecraft:oak_wood":31,"minecraft:damaged_anvil":2,"minecraft:oak_log":181,"minecraft:spruce_slab":85,"minecraft:stonecutter":2,"minecraft:pale_oak_door":8,"minecraft:diamond_axe":1675,"minecraft:snowball":98,"minecraft:green_wool":1,"minecraft:calcite":3,"minecraft:stone_pickaxe":52,"minecraft:bow":60,"minecraft:oak_door":1,"minecraft:iron_leggings":1,"minecraft:cobbled_deepslate":336,"minecraft:netherrack":408,"minecraft:yellow_bed":3,"minecraft:diamond_shovel":838,"minecraft:dried_ghast":2,"minecraft:pale_oak_trapdoor":2,"minecraft:stone_shovel":19,"minecraft:birch_planks":22,"minecraft:rotten_flesh":8,"minecraft:bone_meal":102,"minecraft:dark_oak_planks":16,"minecraft:mutton":1,"minecraft:dirt":1316,"minecraft:cooked_salmon":13,"minecraft:stripped_spruce_log":1,"minecraft:spruce_planks":26,"minecraft:leather_boots":1,"minecraft:birch_log":12,"minecraft:rail":94,"minecraft:gray_wool":1,"minecraft:shears":3,"minecraft:bucket":349,"minecraft:powered_rail":23,"minecraft:dripstone_block":1,"minecraft:oak_planks":242,"minecraft:oak_sapling":2,"minecraft:stone_axe":127,"minecraft:oak_trapdoor":1,"minecraft:oak_fence":8,"minecraft:spruce_fence":97,"minecraft:wildflowers":10,"minecraft:shield":239,"minecraft:birch_slab":3,"minecraft:iron_pickaxe":1245,"minecraft:andesite":11,"minecraft:dark_oak_log":5,"minecraft:tnt":5,"minecraft:oak_boat":1,"minecraft:iron_sword":742,"minecraft:deepslate_bricks":2,"minecraft:diamond_pickaxe":13295,"minecraft:bookshelf":21,"minecraft:shroomlight":10,"minecraft:ladder":4,"minecraft:light_gray_wool":13,"minecraft:blast_furnace":4,"minecraft:minecart":4,"minecraft:spruce_wood":11,"minecraft:stone_sword":8,"minecraft:weeping_vines":1,"minecraft:lava_bucket":16,"minecraft:oxeye_daisy":1,"minecraft:gray_bed":1,"minecraft:oak_slab":502,"minecraft:wooden_pickaxe":6,"minecraft:pale_oak_planks":18,"minecraft:cobblestone":465,"minecraft:stone":3,"minecraft:carrot":65,"minecraft:crafting_table":38,"minecraft:birch_boat":18,"minecraft:white_bed":7,"minecraft:baked_potato":220,"minecraft:smoker":3,"minecraft:spruce_log":398,"minecraft:iron_hoe":2250,"minecraft:water_bucket":331,"minecraft:pale_oak_log":28,"minecraft:furnace":18,"minecraft:torch":441,"minecraft:bread":84,"minecraft:black_bed":1,"minecraft:cobblestone_stairs":9,"minecraft:oak_button":2,"minecraft:cobblestone_slab":511,"minecraft:gravel":1,"minecraft:deepslate_brick_stairs":21,"minecraft:white_wool":1,"minecraft:cooked_beef":6,"minecraft:flint_and_steel":19,"minecraft:redstone_torch":21,"minecraft:chest":8,"minecraft:iron_helmet":1,"minecraft:enchanting_table":2,"minecraft:beef":5,"minecraft:spruce_sapling":2,"minecraft:ender_pearl":4},"minecraft:crafted":{"minecraft:stone_sword":1,"minecraft:cooked_salmon":16,"minecraft:diamond_boots":2,"minecraft:golden_helmet":1,"minecraft:powered_rail":30,"minecraft:gold_ingot":162,"minecraft:iron_chestplate":1,"minecraft:stick":276,"minecraft:leather_boots":1,"minecraft:deepslate_bricks":1,"minecraft:oak_fence":9,"minecraft:minecart":1,"minecraft:cooked_porkchop":14,"minecraft:iron_helmet":1,"minecraft:diamond_axe":2,"minecraft:diamond_pickaxe":5,"minecraft:chest":8,"minecraft:bookshelf":23,"minecraft:air":0,"minecraft:bow":1,"minecraft:acacia_planks":16,"minecraft:bucket":3,"minecraft:flint_and_steel":1,"minecraft:bone_meal":156,"minecraft:oak_boat":2,"minecraft:pale_oak_door":3,"minecraft:dark_oak_planks":20,"minecraft:diamond_shovel":2,"minecraft:oak_sign":6,"minecraft:blast_furnace":4,"minecraft:cobblestone_slab":384,"minecraft:iron_hoe":9,"minecraft:redstone_torch":27,"minecraft:spruce_fence":69,"minecraft:oak_button":2,"minecraft:bundle":2,"minecraft:oak_planks":604,"minecraft:cobbled_deepslate_slab":448,"minecraft:enchanting_table":1,"minecraft:iron_shovel":3,"minecraft:iron_sword":4,"minecraft:shears":2,"minecraft:pale_oak_wood":3,"minecraft:smoker":2,"minecraft:pink_dye":4,"minecraft:spruce_wood":6,"minecraft:stone_shovel":1,"minecraft:lantern":2,"minecraft:birch_planks":188,"minecraft:stone_pickaxe":1,"minecraft:iron_boots":1,"minecraft:smooth_stone":24,"minecraft:spruce_slab":54,"minecraft:charcoal":23,"minecraft:wooden_pickaxe":1,"minecraft:cooked_beef":6,"minecraft:oak_door":3,"minecraft:stonecutter":1,"minecraft:oak_slab":484,"minecraft:diamond_chestplate":2,"minecraft:diamond_sword":1,"minecraft:oak_wood":21,"minecraft:iron_nugget":18,"minecraft:wheat":216,"minecraft:raw_iron":229,"minecraft:furnace":16,"minecraft:birch_boat":4,"minecraft:pale_oak_planks":136,"minecraft:black_bed":1,"minecraft:iron_ingot":677,"minecraft:deepslate_brick_stairs":19,"minecraft:lead":2,"minecraft:diamond_helmet":2,"minecraft:bread":81,"minecraft:stone":48,"minecraft:tnt":1,"minecraft:raw_iron_block":21,"minecraft:crafting_table":29,"minecraft:diamond_leggings":2,"minecraft:torch":376,"minecraft:white_bed":7,"minecraft:baked_potato":307,"minecraft:birch_slab":12,"minecraft:shield":3,"minecraft:stone_axe":2,"minecraft:saddle":1,"minecraft:deepslate":1,"minecraft:spruce_planks":152,"minecraft:iron_pickaxe":7,"minecraft:gray_bed":1,"minecraft:iron_axe":1,"minecraft:iron_leggings":1,"minecraft:cobblestone_stairs":4},"minecraft:custom":{"minecraft:time_since_rest":70831,"minecraft:talked_to_villager":1,"minecraft:leave_game":21,"minecraft:damage_taken":18886,"minecraft:mob_kills":503,"minecraft:boat_one_cm":7297,"minecraft:time_since_death":1139644,"minecraft:interact_with_furnace":124,"minecraft:interact_with_smithing_table":1,"minecraft:sleep_in_bed":35,"minecraft:happy_ghast_one_cm":2639446,"minecraft:swim_one_cm":132145,"minecraft:total_world_time":1523515,"minecraft:crouch_one_cm":303798,"minecraft:climb_one_cm":26193,"minecraft:deaths":18,"minecraft:interact_with_stonecutter":12,"minecraft:player_kills":4,"minecraft:enchant_item":5,"minecraft:minecart_one_cm":71081,"minecraft:damage_blocked_by_shield":12759,"minecraft:interact_with_crafting_table":225,"minecraft:walk_one_cm":3683745,"minecraft:walk_under_water_one_cm":85859,"minecraft:horse_one_cm":2826664,"minecraft:damage_dealt":86490,"minecraft:play_time":1523515,"minecraft:jump":29333,"minecraft:drop":336,"minecraft:sprint_one_cm":2851327,"minecraft:open_chest":484,"minecraft:interact_with_smoker":47,"minecraft:fall_one_cm":906767,"minecraft:tune_noteblock":19,"minecraft:fly_one_cm":4054451,"minecraft:interact_with_anvil":17,"minecraft:walk_on_water_one_cm":161298,"minecraft:sneak_time":102161,"minecraft:interact_with_blast_furnace":101,"minecraft:interact_with_grindstone":2},"minecraft:picked_up":{"minecraft:poisonous_potato":2,"minecraft:name_tag":7,"minecraft:enchanting_table":5,"minecraft:pale_oak_log":466,"minecraft:minecart":3,"minecraft:cobblestone":1300,"minecraft:brick":12,"minecraft:flint":2,"minecraft:sugar_cane":11,"minecraft:warped_roots":1,"minecraft:redstone":254,"minecraft:bone":208,"minecraft:birch_slab":3,"minecraft:lantern":1,"minecraft:stripped_spruce_log":1,"minecraft:slime_ball":15,"minecraft:iron_sword":9,"minecraft:diamond":206,"minecraft:white_banner":1,"minecraft:granite":51,"minecraft:smoker":1,"minecraft:dark_oak_sapling":33,"minecraft:emerald":66,"minecraft:lily_pad":12,"minecraft:crimson_roots":6,"minecraft:book":952,"minecraft:salmon":16,"minecraft:crimson_fungus":1,"minecraft:powered_rail":3,"minecraft:wildflowers":28,"minecraft:shroomlight":17,"minecraft:charcoal":1,"minecraft:bow":7,"minecraft:birch_boat":34,"minecraft:smooth_basalt":3,"minecraft:arrow":111,"minecraft:magma_cream":1,"minecraft:iron_ingot":57,"minecraft:dark_oak_planks":98,"minecraft:spruce_slab":31,"minecraft:hay_block":24,"minecraft:polished_blackstone_brick_stairs":1,"minecraft:raw_gold":160,"minecraft:acacia_log":6,"minecraft:dandelion":2,"minecraft:deepslate_bricks":3,"minecraft:mutton":24,"minecraft:acacia_planks":11,"minecraft:iron_chestplate":1,"minecraft:spruce_planks":16,"minecraft:oak_wood":13,"minecraft:dirt":1775,"minecraft:basalt":1,"minecraft:open_eyeblossom":1,"minecraft:rail":127,"minecraft:brown_wool":2,"minecraft:stonecutter":1,"minecraft:bone_block":11,"minecraft:pale_oak_door":7,"minecraft:torch":206,"minecraft:diamond_pickaxe":3,"minecraft:dripstone_block":6,"minecraft:cobblestone_stairs":5,"minecraft:bread":2,"minecraft:spruce_log":482,"minecraft:iron_boots":1,"minecraft:oxeye_daisy":1,"minecraft:oak_stairs":1,"minecraft:coal":944,"minecraft:oak_log":448,"minecraft:oak_fence":7,"minecraft:music_disc_otherside":2,"minecraft:birch_planks":81,"minecraft:sand":13,"minecraft:furnace":30,"minecraft:oak_door":2,"minecraft:wheat_seeds":191,"minecraft:deepslate_brick_stairs":20,"minecraft:tnt":1,"minecraft:iron_pickaxe":8,"minecraft:weeping_vines":6,"minecraft:quartz":302,"minecraft:iron_leggings":1,"minecraft:diamond_sword":6,"minecraft:birch_sapling":4,"minecraft:totem_of_undying":16,"minecraft:poppy":5,"minecraft:cooked_beef":10,"minecraft:white_wool":90,"minecraft:warped_wart_block":1,"minecraft:spruce_fence":31,"minecraft:snowball":105,"minecraft:andesite":34,"minecraft:deepslate_tile_slab":108,"minecraft:diamond_hoe":10,"minecraft:ender_pearl":6,"minecraft:string":70,"minecraft:raw_iron_block":5,"minecraft:obsidian":28,"minecraft:white_carpet":11,"minecraft:ladder":5,"minecraft:sandstone":1,"minecraft:pale_oak_trapdoor":3,"minecraft:chain":2,"minecraft:iron_helmet":1,"minecraft:diamond_axe":1,"minecraft:soul_sand":42,"minecraft:carrot":40,"minecraft:spruce_sapling":11,"minecraft:soul_soil":49,"minecraft:leather":59,"minecraft:gold_nugget":346,"minecraft:lead":4,"minecraft:brown_mushroom":1,"minecraft:resin_clump":83,"minecraft:water_bucket":2,"minecraft:baked_potato":74,"minecraft:peony":2,"minecraft:melon_seeds":2,"minecraft:glow_ink_sac":10,"minecraft:oak_leaves":1,"minecraft:carved_pumpkin":1,"minecraft:porkchop":31,"minecraft:oak_trapdoor":1,"minecraft:stick":63,"minecraft:redstone_torch":2,"minecraft:painting":1,"minecraft:black_wool":3,"minecraft:vex_armor_trim_smithing_template":10,"minecraft:cooked_salmon":66,"minecraft:cooked_porkchop":4,"minecraft:green_wool":1,"minecraft:iron_axe":2,"minecraft:cauldron":3,"minecraft:red_carpet":5,"minecraft:raw_iron":667,"minecraft:cobbled_deepslate":805,"minecraft:pointed_dripstone":14,"minecraft:lapis_block":2,"minecraft:spruce_wood":6,"minecraft:glowstone_dust":108,"minecraft:stone_axe":1,"minecraft:mossy_cobblestone":39,"minecraft:amethyst_block":3,"minecraft:wheat":51,"minecraft:damaged_anvil":5,"minecraft:gunpowder":32,"minecraft:chest":1,"minecraft:blackstone":22,"minecraft:yellow_bed":3,"minecraft:diamond_horse_armor":1,"minecraft:cobbled_deepslate_slab":74,"minecraft:netherrack":2219,"minecraft:magma_block":8,"minecraft:note_block":1,"minecraft:gravel":38,"minecraft:light_gray_wool":33,"minecraft:tuff":126,"minecraft:leaf_litter":735,"minecraft:pale_oak_planks":236,"minecraft:potato":590,"minecraft:grass_block":3,"minecraft:birch_log":88,"minecraft:shield":9,"minecraft:lapis_lazuli":295,"minecraft:spider_eye":11,"minecraft:bone_meal":1,"minecraft:dark_oak_log":43,"minecraft:ominous_bottle":1,"minecraft:diorite":22,"minecraft:oak_boat":2,"minecraft:oak_planks":209,"minecraft:netherite_scrap":1,"minecraft:crafting_table":19,"minecraft:raw_copper":105,"minecraft:oak_sapling":78,"minecraft:beef":30,"minecraft:rotten_flesh":119,"minecraft:ancient_debris":8,"minecraft:apple":5,"minecraft:cobblestone_slab":534,"minecraft:oak_slab":202,"minecraft:calcite":3,"minecraft:netherite_ingot":2,"minecraft:dried_ghast":1,"minecraft:gray_wool":7},"minecraft:killed_by":{"minecraft:skeleton":1,"minecraft:player":1,"minecraft:vindicator":2,"minecraft:vex":6,"minecraft:zombie":3},"minecraft:mined":{"minecraft:torch":36,"minecraft:spruce_wood":6,"minecraft:spruce_log":496,"minecraft:nether_quartz_ore":216,"minecraft:chest":1,"minecraft:smooth_basalt":3,"minecraft:netherrack":6972,"minecraft:bone_block":11,"minecraft:spruce_sapling":1,"minecraft:amethyst_block":3,"minecraft:weeping_vines_plant":4,"minecraft:brown_mushroom":1,"minecraft:spruce_planks":13,"minecraft:pale_hanging_moss":16,"minecraft:birch_log":90,"minecraft:magma_block":9,"minecraft:obsidian":15,"minecraft:dark_oak_planks":25,"minecraft:redstone_torch":2,"minecraft:tnt":1,"minecraft:sandstone":1,"minecraft:open_eyeblossom":1,"minecraft:stripped_spruce_log":1,"minecraft:blackstone":53,"minecraft:deepslate_bricks":2,"minecraft:birch_leaves":26,"minecraft:oak_fence":7,"minecraft:sculk_shrieker":4,"minecraft:dark_oak_sapling":37,"minecraft:wall_torch":42,"minecraft:yellow_bed":2,"minecraft:fire":117,"minecraft:deepslate_diamond_ore":126,"minecraft:potatoes":158,"minecraft:pale_oak_trapdoor":1,"minecraft:dripstone_block":5,"minecraft:iron_ore":170,"minecraft:acacia_log":4,"minecraft:pale_moss_block":1,"minecraft:glass_pane":14,"minecraft:dark_oak_log":18,"minecraft:chain":2,"minecraft:dandelion":1,"minecraft:lily_of_the_valley":1,"minecraft:oak_planks":210,"minecraft:cobblestone":110,"minecraft:sugar_cane":5,"minecraft:lantern":1,"minecraft:shroomlight":17,"minecraft:oak_leaves":143,"minecraft:furnace":11,"minecraft:birch_slab":3,"minecraft:powered_rail":3,"minecraft:deepslate_copper_ore":1,"minecraft:crimson_roots":5,"minecraft:tall_grass":4,"minecraft:wildflowers":7,"minecraft:deepslate_tile_slab":77,"minecraft:pointed_dripstone":2,"minecraft:emerald_ore":3,"minecraft:lily_pad":8,"minecraft:rail":122,"minecraft:cobbled_deepslate_slab":57,"minecraft:dirt":700,"minecraft:pale_oak_door":7,"minecraft:ladder":2,"minecraft:basalt":13,"minecraft:deepslate":2447,"minecraft:sand":7,"minecraft:snow":5,"minecraft:oak_wood":13,"minecraft:stonecutter":1,"minecraft:oak_log":425,"minecraft:lapis_ore":9,"minecraft:sculk":3321,"minecraft:spawner":1,"minecraft:warped_wart_block":10,"minecraft:warped_roots":1,"minecraft:warped_nylium":28,"minecraft:polished_blackstone_brick_stairs":2,"minecraft:oak_slab":144,"minecraft:carrots":12,"minecraft:gravel":48,"minecraft:short_grass":71,"minecraft:weeping_vines":1,"minecraft:sculk_catalyst":7,"minecraft:dirt_path":10,"minecraft:cracked_polished_blackstone_bricks":3,"minecraft:crafting_table":16,"minecraft:deepslate_redstone_ore":80,"minecraft:leaf_litter":82,"minecraft:black_wool":3,"minecraft:copper_ore":28,"minecraft:raw_iron_block":5,"minecraft:gold_ore":8,"minecraft:andesite":65,"minecraft:glowstone":31,"minecraft:deepslate_gold_ore":98,"minecraft:dark_oak_leaves":3,"minecraft:resin_clump":7,"minecraft:cauldron":3,"minecraft:deepslate_lapis_ore":39,"minecraft:deepslate_iron_ore":321,"minecraft:birch_planks":9,"minecraft:stone":1600,"minecraft:deepslate_brick_stairs":21,"minecraft:granite":80,"minecraft:cobblestone_stairs":5,"minecraft:spruce_fence":32,"minecraft:bush":2,"minecraft:coal_ore":507,"minecraft:diorite":34,"minecraft:sculk_sensor":34,"minecraft:wheat":63,"minecraft:ancient_debris":8,"minecraft:hay_block":24,"minecraft:oak_trapdoor":1,"minecraft:dried_ghast":1,"minecraft:smoker":1,"minecraft:light_gray_wool":11,"minecraft:sculk_vein":229,"minecraft:soul_sand":42,"minecraft:bookshelf":153,"minecraft:white_carpet":1,"minecraft:crimson_nylium":20,"minecraft:soul_soil":50,"minecraft:glow_lichen":2,"minecraft:powder_snow":16,"minecraft:snow_block":17,"minecraft:enchanting_table":3,"minecraft:polished_blackstone_bricks":24,"minecraft:creaking_heart":1,"minecraft:oak_stairs":1,"minecraft:mossy_cobblestone":39,"minecraft:grass_block":859,"minecraft:cobweb":46,"minecraft:spruce_leaves":61,"minecraft:cobbled_deepslate":44,"minecraft:white_wool":3,"minecraft:tuff":305,"minecraft:pale_oak_log":155,"minecraft:damaged_anvil":3,"minecraft:nether_gold_ore":64,"minecraft:pale_oak_leaves":22,"minecraft:calcite":3,"minecraft:spruce_slab":26,"minecraft:pale_oak_planks":9,"minecraft:cobblestone_slab":419},"minecraft:killed":{"minecraft:stray":2,"minecraft:pig":9,"minecraft:piglin":1,"minecraft:vindicator":11,"minecraft:bat":1,"minecraft:salmon":16,"minecraft:zombie":157,"minecraft:glow_squid":2,"minecraft:zombie_villager":3,"minecraft:chicken":1,"minecraft:creaking":1,"minecraft:drowned":2,"minecraft:cow":16,"minecraft:slime":19,"minecraft:pillager":2,"minecraft:skeleton":115,"minecraft:iron_golem":1,"minecraft:spider":35,"minecraft:cave_spider":8,"minecraft:creeper":43,"minecraft:enderman":11,"minecraft:hoglin":6,"minecraft:evoker":2,"minecraft:sheep":14,"minecraft:magma_cube":15,"minecraft:vex":2},"minecraft:dropped":{"minecraft:lily_pad":6,"minecraft:oak_boat":2,"minecraft:crimson_roots":6,"minecraft:gravel":17,"minecraft:bone":15,"minecraft:poppy":4,"minecraft:cobblestone_slab":110,"minecraft:oak_sapling":23,"minecraft:golden_horse_armor":1,"minecraft:tuff":2,"minecraft:book":62,"minecraft:iron_leggings":1,"minecraft:oak_slab":59,"minecraft:acacia_planks":11,"minecraft:arrow":4,"minecraft:carrot":1,"minecraft:redstone_torch":8,"minecraft:spruce_log":1,"minecraft:gunpowder":13,"minecraft:iron_pickaxe":2,"minecraft:baked_potato":94,"minecraft:diorite":20,"minecraft:rotten_flesh":66,"minecraft:sandstone":1,"minecraft:iron_chestplate":1,"minecraft:stone_sword":1,"minecraft:torch":11,"minecraft:birch_planks":1,"minecraft:bow":5,"minecraft:dirt":40,"minecraft:raw_copper":4,"minecraft:obsidian":14,"minecraft:sand":9,"minecraft:resin_clump":2,"minecraft:chest":1,"minecraft:ender_pearl":1,"minecraft:deepslate_bricks":1,"minecraft:coal":1,"minecraft:brown_mushroom":1,"minecraft:apple":1,"minecraft:wooden_pickaxe":1,"minecraft:raw_iron":3,"minecraft:slime_ball":1,"minecraft:netherrack":209,"minecraft:mutton":4,"minecraft:glow_ink_sac":10,"minecraft:iron_axe":2,"minecraft:oak_planks":15,"minecraft:porkchop":6,"minecraft:mossy_cobblestone":1,"minecraft:wheat":3,"minecraft:cobbled_deepslate":23,"minecraft:wheat_seeds":9,"minecraft:iron_ingot":78,"minecraft:chain":2,"minecraft:stone_pickaxe":1,"minecraft:shield":1,"minecraft:enchanting_table":3,"minecraft:light_gray_wool":3,"minecraft:warped_roots":1,"minecraft:white_carpet":3,"minecraft:oak_log":19,"minecraft:open_eyeblossom":1,"minecraft:diamond_pickaxe":3,"minecraft:dandelion":3,"minecraft:string":13,"minecraft:stick":37,"minecraft:crimson_fungus":1,"minecraft:cooked_salmon":6,"minecraft:bread":3,"minecraft:spider_eye":6,"minecraft:diamond_hoe":2,"minecraft:oak_door":4,"minecraft:snowball":7,"minecraft:ladder":1,"minecraft:polished_blackstone_brick_stairs":1,"minecraft:red_carpet":5,"minecraft:cobblestone":77,"minecraft:music_disc_otherside":2,"minecraft:pointed_dripstone":7,"minecraft:spruce_planks":3,"minecraft:leather_boots":1,"minecraft:diamond_axe":1,"minecraft:white_wool":4,"minecraft:leather":11,"minecraft:quartz":68,"minecraft:birch_boat":2,"minecraft:granite":14,"minecraft:pale_oak_door":2,"minecraft:note_block":1,"minecraft:diamond":2,"minecraft:cobbled_deepslate_slab":1,"minecraft:brown_wool":1,"minecraft:wildflowers":9,"minecraft:bone_meal":1,"minecraft:poisonous_potato":2,"minecraft:birch_sapling":1,"minecraft:warped_wart_block":1,"minecraft:water_bucket":1,"minecraft:leaf_litter":341,"minecraft:pale_oak_log":55,"minecraft:diamond_sword":6,"minecraft:flint":1,"minecraft:gold_nugget":4,"minecraft:magma_cream":1},"minecraft:broken":{"minecraft:iron_helmet":1,"minecraft:iron_hoe":9,"minecraft:iron_shovel":2,"minecraft:golden_helmet":1,"minecraft:iron_pickaxe":4,"minecraft:diamond_axe":1,"minecraft:iron_boots":1,"minecraft:iron_sword":3}},"DataVersion":4440}