{"stats":{"minecraft:used":{"minecraft:stone_axe":127,"minecraft:iron_axe":180,"minecraft:iron_leggings":1,"minecraft:wildflowers":10,"minecraft:shield":55,"minecraft:iron_pickaxe":583,"minecraft:andesite":7,"minecraft:dark_oak_log":5,"minecraft:iron_sword":309,"minecraft:birch_planks":22,"minecraft:rotten_flesh":6,"minecraft:water_bucket":1,"minecraft:dark_oak_planks":16,"minecraft:pale_oak_log":28,"minecraft:furnace":13,"minecraft:light_gray_wool":13,"minecraft:cooked_porkchop":14,"minecraft:mutton":1,"minecraft:bread":1,"minecraft:torch":176,"minecraft:dirt":8,"minecraft:black_bed":1,"minecraft:cooked_salmon":13,"minecraft:stone_sword":8,"minecraft:cobblestone_stairs":2,"minecraft:leather_boots":1,"minecraft:wooden_pickaxe":6,"minecraft:birch_log":6,"minecraft:white_wool":1,"minecraft:pale_oak_planks":6,"minecraft:cobblestone":22,"minecraft:gray_wool":1,"minecraft:cooked_beef":6,"minecraft:bucket":2,"minecraft:crafting_table":13,"minecraft:birch_boat":17,"minecraft:iron_helmet":1,"minecraft:dripstone_block":1,"minecraft:beef":5,"minecraft:green_wool":1,"minecraft:stone_pickaxe":52,"minecraft:calcite":3,"minecraft:bow":3},"minecraft:crafted":{"minecraft:stone_sword":1,"minecraft:cooked_salmon":16,"minecraft:birch_planks":136,"minecraft:stone_pickaxe":1,"minecraft:iron_chestplate":1,"minecraft:iron_boots":1,"minecraft:stick":76,"minecraft:charcoal":23,"minecraft:wooden_pickaxe":1,"minecraft:cooked_beef":6,"minecraft:leather_boots":1,"minecraft:cooked_porkchop":14,"minecraft:iron_helmet":1,"minecraft:air":0,"minecraft:bucket":1,"minecraft:bone_meal":54,"minecraft:furnace":7,"minecraft:birch_boat":3,"minecraft:pale_oak_planks":136,"minecraft:black_bed":1,"minecraft:dark_oak_planks":20,"minecraft:iron_ingot":65,"minecraft:crafting_table":11,"minecraft:torch":204,"minecraft:shield":1,"minecraft:stone_axe":2,"minecraft:iron_pickaxe":4,"minecraft:iron_sword":3,"minecraft:pale_oak_wood":3,"minecraft:iron_leggings":1},"minecraft:picked_up":{"minecraft:name_tag":7,"minecraft:pale_oak_log":466,"minecraft:cobblestone":412,"minecraft:leather":30,"minecraft:bone":120,"minecraft:resin_clump":83,"minecraft:water_bucket":1,"minecraft:diamond":4,"minecraft:iron_sword":9,"minecraft:granite":12,"minecraft:emerald":56,"minecraft:lily_pad":12,"minecraft:glow_ink_sac":3,"minecraft:book":562,"minecraft:carved_pumpkin":1,"minecraft:porkchop":14,"minecraft:salmon":16,"minecraft:stick":2,"minecraft:black_wool":3,"minecraft:wildflowers":17,"minecraft:vex_armor_trim_smithing_template":10,"minecraft:cooked_salmon":66,"minecraft:cooked_porkchop":4,"minecraft:bow":2,"minecraft:green_wool":1,"minecraft:birch_boat":34,"minecraft:smooth_basalt":3,"minecraft:arrow":9,"minecraft:iron_axe":2,"minecraft:iron_ingot":24,"minecraft:red_carpet":5,"minecraft:dark_oak_planks":98,"minecraft:raw_iron":64,"minecraft:cobbled_deepslate":69,"minecraft:pointed_dripstone":9,"minecraft:lapis_block":2,"minecraft:raw_gold":8,"minecraft:stone_axe":1,"minecraft:amethyst_block":3,"minecraft:damaged_anvil":4,"minecraft:mutton":11,"minecraft:gunpowder":7,"minecraft:iron_chestplate":1,"minecraft:dirt":26,"minecraft:open_eyeblossom":1,"minecraft:brown_wool":2,"minecraft:gravel":12,"minecraft:light_gray_wool":33,"minecraft:torch":117,"minecraft:dripstone_block":6,"minecraft:cobblestone_stairs":2,"minecraft:tuff":26,"minecraft:iron_boots":1,"minecraft:leaf_litter":150,"minecraft:coal":123,"minecraft:pale_oak_planks":230,"minecraft:birch_planks":80,"minecraft:birch_log":40,"minecraft:furnace":28,"minecraft:shield":9,"minecraft:lapis_lazuli":21,"minecraft:iron_pickaxe":6,"minecraft:spider_eye":1,"minecraft:bone_meal":1,"minecraft:dark_oak_log":43,"minecraft:iron_leggings":1,"minecraft:diorite":20,"minecraft:birch_sapling":1,"minecraft:totem_of_undying":16,"minecraft:poppy":1,"minecraft:cooked_beef":10,"minecraft:white_wool":12,"minecraft:oak_planks":2,"minecraft:crafting_table":9,"minecraft:raw_copper":71,"minecraft:andesite":25,"minecraft:rotten_flesh":11,"minecraft:beef":15,"minecraft:diamond_hoe":9,"minecraft:string":2,"minecraft:calcite":3,"minecraft:white_carpet":11,"minecraft:iron_helmet":1,"minecraft:gray_wool":1},"minecraft:killed":{"minecraft:skeleton":17,"minecraft:iron_golem":1,"minecraft:pig":7,"minecraft:vindicator":11,"minecraft:spider":2,"minecraft:salmon":16,"minecraft:zombie":19,"minecraft:creeper":4,"minecraft:enderman":1,"minecraft:sheep":7,"minecraft:creaking":1,"minecraft:evoker":2,"minecraft:cow":6,"minecraft:drowned":1,"minecraft:vex":2},"minecraft:killed_by":{"minecraft:skeleton":1,"minecraft:player":1,"minecraft:vindicator":2,"minecraft:vex":6,"minecraft:zombie":2},"minecraft:mined":{"minecraft:torch":10,"minecraft:sculk":4,"minecraft:smooth_basalt":3,"minecraft:gravel":8,"minecraft:amethyst_block":3,"minecraft:short_grass":4,"minecraft:crafting_table":5,"minecraft:birch_log":39,"minecraft:pale_hanging_moss":15,"minecraft:leaf_litter":1,"minecraft:black_wool":3,"minecraft:dark_oak_planks":20,"minecraft:copper_ore":19,"minecraft:open_eyeblossom":1,"minecraft:gold_ore":8,"minecraft:birch_leaves":14,"minecraft:andesite":25,"minecraft:wall_torch":9,"minecraft:resin_clump":7,"minecraft:deepslate_diamond_ore":2,"minecraft:deepslate_iron_ore":15,"minecraft:dripstone_block":5,"minecraft:birch_planks":8,"minecraft:iron_ore":56,"minecraft:stone":180,"minecraft:pale_moss_block":1,"minecraft:glass_pane":10,"minecraft:granite":12,"minecraft:dark_oak_log":18,"minecraft:cobblestone_stairs":2,"minecraft:coal_ore":92,"minecraft:diorite":20,"minecraft:cobblestone":21,"minecraft:furnace":8,"minecraft:light_gray_wool":11,"minecraft:sculk_vein":1,"minecraft:bookshelf":23,"minecraft:white_carpet":1,"minecraft:deepslate_copper_ore":1,"minecraft:glow_lichen":1,"minecraft:powder_snow":10,"minecraft:wildflowers":5,"minecraft:pointed_dripstone":1,"minecraft:creaking_heart":1,"minecraft:lily_pad":8,"minecraft:dirt":18,"minecraft:grass_block":8,"minecraft:white_wool":1,"minecraft:tuff":26,"minecraft:pale_oak_log":155,"minecraft:damaged_anvil":2,"minecraft:pale_oak_leaves":20,"minecraft:deepslate":69,"minecraft:calcite":3,"minecraft:pale_oak_planks":1,"minecraft:lapis_ore":4},"minecraft:custom":{"minecraft:time_since_rest":23314,"minecraft:leave_game":12,"minecraft:damage_taken":7318,"minecraft:mob_kills":98,"minecraft:time_since_death":23234,"minecraft:interact_with_furnace":68,"minecraft:swim_one_cm":33400,"minecraft:total_world_time":214194,"minecraft:crouch_one_cm":17455,"minecraft:deaths":17,"minecraft:climb_one_cm":2199,"minecraft:player_kills":1,"minecraft:damage_blocked_by_shield":1259,"minecraft:interact_with_crafting_table":43,"minecraft:walk_one_cm":501692,"minecraft:walk_under_water_one_cm":23897,"minecraft:damage_dealt":15824,"minecraft:play_time":214194,"minecraft:jump":4017,"minecraft:drop":49,"minecraft:sprint_one_cm":427605,"minecraft:open_chest":19,"minecraft:fall_one_cm":139228,"minecraft:fly_one_cm":580054,"minecraft:walk_on_water_one_cm":42996,"minecraft:sneak_time":8800,"minecraft:interact_with_grindstone":1},"minecraft:broken":{"minecraft:iron_pickaxe":2,"minecraft:iron_sword":1},"minecraft:dropped":{"minecraft:rotten_flesh":18,"minecraft:red_carpet":5,"minecraft:cobblestone":1,"minecraft:pointed_dripstone":1,"minecraft:leather_boots":1,"minecraft:torch":10,"minecraft:white_wool":1,"minecraft:dirt":12,"minecraft:iron_ingot":12,"minecraft:resin_clump":2,"minecraft:birch_boat":2,"minecraft:diamond":2,"minecraft:stone_pickaxe":1,"minecraft:bone_meal":1,"minecraft:birch_sapling":1,"minecraft:white_carpet":3,"minecraft:open_eyeblossom":1,"minecraft:string":2,"minecraft:pale_oak_log":55,"minecraft:wooden_pickaxe":1,"minecraft:stick":2,"minecraft:arrow":1,"minecraft:cooked_salmon":6,"minecraft:gunpowder":2,"minecraft:bread":1}},"DataVersion":4440}