{"stats":{"minecraft:used":{"minecraft:stone_axe":127,"minecraft:iron_axe":408,"minecraft:spruce_fence":18,"minecraft:leaf_litter":61,"minecraft:wildflowers":10,"minecraft:diamond_hoe":1329,"minecraft:shield":207,"minecraft:iron_pickaxe":883,"minecraft:andesite":11,"minecraft:white_banner":1,"minecraft:diamond_sword":591,"minecraft:cobbled_deepslate_slab":420,"minecraft:dark_oak_log":5,"minecraft:potato":132,"minecraft:tnt":3,"minecraft:iron_sword":742,"minecraft:wheat_seeds":26,"minecraft:deepslate_bricks":2,"minecraft:diamond_pickaxe":5226,"minecraft:bookshelf":21,"minecraft:light_gray_wool":13,"minecraft:cooked_porkchop":14,"minecraft:blast_furnace":4,"minecraft:iron_shovel":533,"minecraft:spruce_wood":6,"minecraft:stone_sword":8,"minecraft:deepslate_tile_slab":113,"minecraft:lava_bucket":16,"minecraft:oxeye_daisy":1,"minecraft:oak_wood":3,"minecraft:damaged_anvil":2,"minecraft:oak_slab":449,"minecraft:wooden_pickaxe":6,"minecraft:oak_log":59,"minecraft:pale_oak_planks":18,"minecraft:cobblestone":127,"minecraft:stone":3,"minecraft:spruce_slab":7,"minecraft:stonecutter":2,"minecraft:pale_oak_door":8,"minecraft:diamond_axe":855,"minecraft:carrot":65,"minecraft:crafting_table":32,"minecraft:birch_boat":17,"minecraft:green_wool":1,"minecraft:calcite":3,"minecraft:stone_pickaxe":52,"minecraft:bow":43,"minecraft:oak_door":1,"minecraft:baked_potato":60,"minecraft:iron_leggings":1,"minecraft:cobbled_deepslate":335,"minecraft:yellow_bed":1,"minecraft:smoker":3,"minecraft:diamond_shovel":89,"minecraft:spruce_log":61,"minecraft:birch_planks":22,"minecraft:iron_hoe":2250,"minecraft:rotten_flesh":8,"minecraft:water_bucket":250,"minecraft:bone_meal":87,"minecraft:dark_oak_planks":16,"minecraft:pale_oak_log":28,"minecraft:furnace":17,"minecraft:mutton":1,"minecraft:torch":246,"minecraft:bread":84,"minecraft:dirt":555,"minecraft:black_bed":1,"minecraft:cooked_salmon":13,"minecraft:cobblestone_stairs":5,"minecraft:cobblestone_slab":403,"minecraft:leather_boots":1,"minecraft:deepslate_brick_stairs":21,"minecraft:birch_log":11,"minecraft:white_wool":1,"minecraft:gray_wool":1,"minecraft:cooked_beef":6,"minecraft:bucket":268,"minecraft:chest":4,"minecraft:iron_helmet":1,"minecraft:dripstone_block":1,"minecraft:enchanting_table":2,"minecraft:beef":5,"minecraft:oak_planks":130,"minecraft:spruce_sapling":2,"minecraft:oak_sapling":2},"minecraft:crafted":{"minecraft:stone_sword":1,"minecraft:cooked_salmon":16,"minecraft:diamond_boots":1,"minecraft:gold_ingot":155,"minecraft:iron_chestplate":1,"minecraft:stick":136,"minecraft:leather_boots":1,"minecraft:deepslate_bricks":1,"minecraft:cooked_porkchop":14,"minecraft:iron_helmet":1,"minecraft:diamond_axe":1,"minecraft:diamond_pickaxe":4,"minecraft:chest":4,"minecraft:bookshelf":23,"minecraft:air":0,"minecraft:acacia_planks":16,"minecraft:bucket":3,"minecraft:bone_meal":141,"minecraft:pale_oak_door":3,"minecraft:dark_oak_planks":20,"minecraft:diamond_shovel":1,"minecraft:blast_furnace":4,"minecraft:cobblestone_slab":384,"minecraft:iron_hoe":9,"minecraft:spruce_fence":21,"minecraft:bundle":2,"minecraft:oak_planks":548,"minecraft:cobbled_deepslate_slab":448,"minecraft:enchanting_table":1,"minecraft:iron_shovel":2,"minecraft:iron_sword":4,"minecraft:pale_oak_wood":3,"minecraft:smoker":2,"minecraft:spruce_wood":3,"minecraft:birch_planks":140,"minecraft:stone_pickaxe":1,"minecraft:iron_boots":1,"minecraft:smooth_stone":24,"minecraft:spruce_slab":6,"minecraft:charcoal":23,"minecraft:wooden_pickaxe":1,"minecraft:cooked_beef":6,"minecraft:oak_door":3,"minecraft:stonecutter":1,"minecraft:oak_slab":466,"minecraft:diamond_chestplate":1,"minecraft:diamond_sword":1,"minecraft:oak_wood":3,"minecraft:wheat":216,"minecraft:raw_iron":229,"minecraft:furnace":15,"minecraft:birch_boat":3,"minecraft:pale_oak_planks":136,"minecraft:black_bed":1,"minecraft:iron_ingot":675,"minecraft:deepslate_brick_stairs":19,"minecraft:diamond_helmet":1,"minecraft:bread":81,"minecraft:stone":48,"minecraft:raw_iron_block":21,"minecraft:crafting_table":23,"minecraft:diamond_leggings":1,"minecraft:torch":248,"minecraft:baked_potato":73,"minecraft:shield":2,"minecraft:stone_axe":2,"minecraft:saddle":1,"minecraft:deepslate":1,"minecraft:spruce_planks":52,"minecraft:iron_pickaxe":5,"minecraft:iron_axe":1,"minecraft:iron_leggings":1},"minecraft:picked_up":{"minecraft:poisonous_potato":1,"minecraft:name_tag":7,"minecraft:enchanting_table":5,"minecraft:pale_oak_log":466,"minecraft:cobblestone":839,"minecraft:brick":12,"minecraft:flint":2,"minecraft:redstone":254,"minecraft:bone":195,"minecraft:slime_ball":15,"minecraft:iron_sword":9,"minecraft:diamond":169,"minecraft:white_banner":1,"minecraft:granite":17,"minecraft:smoker":1,"minecraft:dark_oak_sapling":33,"minecraft:emerald":66,"minecraft:lily_pad":12,"minecraft:book":952,"minecraft:salmon":16,"minecraft:wildflowers":23,"minecraft:charcoal":1,"minecraft:bow":7,"minecraft:birch_boat":34,"minecraft:smooth_basalt":3,"minecraft:arrow":104,"minecraft:iron_ingot":25,"minecraft:dark_oak_planks":98,"minecraft:spruce_slab":1,"minecraft:hay_block":24,"minecraft:raw_gold":160,"minecraft:acacia_log":6,"minecraft:dandelion":2,"minecraft:deepslate_bricks":2,"minecraft:mutton":24,"minecraft:acacia_planks":11,"minecraft:iron_chestplate":1,"minecraft:dirt":746,"minecraft:open_eyeblossom":1,"minecraft:rail":109,"minecraft:brown_wool":2,"minecraft:stonecutter":1,"minecraft:pale_oak_door":7,"minecraft:torch":151,"minecraft:dripstone_block":6,"minecraft:cobblestone_stairs":5,"minecraft:bread":2,"minecraft:spruce_log":193,"minecraft:iron_boots":1,"minecraft:oxeye_daisy":1,"minecraft:coal":740,"minecraft:oak_log":274,"minecraft:music_disc_otherside":2,"minecraft:birch_planks":81,"minecraft:furnace":30,"minecraft:oak_door":2,"minecraft:wheat_seeds":184,"minecraft:deepslate_brick_stairs":20,"minecraft:iron_pickaxe":8,"minecraft:iron_leggings":1,"minecraft:diamond_sword":4,"minecraft:birch_sapling":1,"minecraft:totem_of_undying":16,"minecraft:poppy":4,"minecraft:cooked_beef":10,"minecraft:white_wool":15,"minecraft:andesite":34,"minecraft:deepslate_tile_slab":108,"minecraft:diamond_hoe":10,"minecraft:ender_pearl":1,"minecraft:string":63,"minecraft:raw_iron_block":5,"minecraft:obsidian":28,"minecraft:white_carpet":11,"minecraft:sandstone":1,"minecraft:iron_helmet":1,"minecraft:carrot":40,"minecraft:spruce_sapling":8,"minecraft:leather":54,"minecraft:resin_clump":83,"minecraft:water_bucket":2,"minecraft:melon_seeds":2,"minecraft:glow_ink_sac":10,"minecraft:carved_pumpkin":1,"minecraft:porkchop":18,"minecraft:stick":50,"minecraft:black_wool":3,"minecraft:vex_armor_trim_smithing_template":10,"minecraft:cooked_salmon":66,"minecraft:cooked_porkchop":4,"minecraft:green_wool":1,"minecraft:iron_axe":2,"minecraft:cauldron":3,"minecraft:red_carpet":5,"minecraft:raw_iron":659,"minecraft:cobbled_deepslate":803,"minecraft:pointed_dripstone":11,"minecraft:lapis_block":2,"minecraft:spruce_wood":3,"minecraft:stone_axe":1,"minecraft:mossy_cobblestone":39,"minecraft:amethyst_block":3,"minecraft:wheat":51,"minecraft:damaged_anvil":5,"minecraft:gunpowder":24,"minecraft:chest":1,"minecraft:yellow_bed":1,"minecraft:cobbled_deepslate_slab":62,"minecraft:gravel":17,"minecraft:light_gray_wool":33,"minecraft:tuff":126,"minecraft:leaf_litter":564,"minecraft:pale_oak_planks":236,"minecraft:potato":320,"minecraft:birch_log":75,"minecraft:shield":9,"minecraft:lapis_lazuli":295,"minecraft:spider_eye":10,"minecraft:bone_meal":1,"minecraft:dark_oak_log":43,"minecraft:ominous_bottle":1,"minecraft:diorite":22,"minecraft:oak_planks":127,"minecraft:crafting_table":15,"minecraft:raw_copper":105,"minecraft:oak_sapling":76,"minecraft:beef":27,"minecraft:rotten_flesh":98,"minecraft:apple":2,"minecraft:cobblestone_slab":427,"minecraft:oak_slab":173,"minecraft:calcite":3,"minecraft:gray_wool":1},"minecraft:killed":{"minecraft:slime":19,"minecraft:pillager":2,"minecraft:stray":1,"minecraft:skeleton":100,"minecraft:iron_golem":1,"minecraft:pig":9,"minecraft:vindicator":11,"minecraft:bat":1,"minecraft:spider":30,"minecraft:salmon":16,"minecraft:zombie":136,"minecraft:cave_spider":8,"minecraft:glow_squid":2,"minecraft:creeper":26,"minecraft:zombie_villager":2,"minecraft:chicken":1,"minecraft:enderman":4,"minecraft:evoker":2,"minecraft:sheep":14,"minecraft:creaking":1,"minecraft:drowned":2,"minecraft:cow":14,"minecraft:vex":2},"minecraft:killed_by":{"minecraft:skeleton":1,"minecraft:player":1,"minecraft:vindicator":2,"minecraft:vex":6,"minecraft:zombie":3},"minecraft:mined":{"minecraft:torch":15,"minecraft:spruce_wood":3,"minecraft:spruce_log":200,"minecraft:chest":1,"minecraft:smooth_basalt":3,"minecraft:spruce_sapling":1,"minecraft:amethyst_block":3,"minecraft:pale_hanging_moss":16,"minecraft:birch_log":77,"minecraft:obsidian":15,"minecraft:dark_oak_planks":25,"minecraft:sandstone":1,"minecraft:open_eyeblossom":1,"minecraft:deepslate_bricks":2,"minecraft:birch_leaves":20,"minecraft:sculk_shrieker":4,"minecraft:dark_oak_sapling":37,"minecraft:wall_torch":26,"minecraft:fire":3,"minecraft:deepslate_diamond_ore":126,"minecraft:potatoes":89,"minecraft:dripstone_block":5,"minecraft:iron_ore":166,"minecraft:acacia_log":4,"minecraft:pale_moss_block":1,"minecraft:glass_pane":13,"minecraft:dark_oak_log":18,"minecraft:dandelion":1,"minecraft:lily_of_the_valley":1,"minecraft:oak_planks":130,"minecraft:cobblestone":63,"minecraft:oak_leaves":106,"minecraft:furnace":11,"minecraft:deepslate_copper_ore":1,"minecraft:tall_grass":2,"minecraft:wildflowers":6,"minecraft:deepslate_tile_slab":77,"minecraft:pointed_dripstone":1,"minecraft:emerald_ore":3,"minecraft:lily_pad":8,"minecraft:rail":109,"minecraft:cobbled_deepslate_slab":44,"minecraft:dirt":195,"minecraft:pale_oak_door":7,"minecraft:deepslate":2447,"minecraft:stonecutter":1,"minecraft:oak_log":275,"minecraft:lapis_ore":9,"minecraft:sculk":3321,"minecraft:spawner":1,"minecraft:oak_slab":114,"minecraft:carrots":12,"minecraft:gravel":39,"minecraft:short_grass":54,"minecraft:sculk_catalyst":7,"minecraft:dirt_path":6,"minecraft:crafting_table":12,"minecraft:deepslate_redstone_ore":80,"minecraft:leaf_litter":52,"minecraft:black_wool":3,"minecraft:copper_ore":28,"minecraft:raw_iron_block":5,"minecraft:gold_ore":8,"minecraft:andesite":65,"minecraft:deepslate_gold_ore":98,"minecraft:dark_oak_leaves":3,"minecraft:resin_clump":7,"minecraft:cauldron":3,"minecraft:deepslate_lapis_ore":39,"minecraft:deepslate_iron_ore":321,"minecraft:birch_planks":9,"minecraft:stone":983,"minecraft:deepslate_brick_stairs":21,"minecraft:granite":46,"minecraft:cobblestone_stairs":5,"minecraft:bush":2,"minecraft:coal_ore":409,"minecraft:diorite":34,"minecraft:sculk_sensor":34,"minecraft:wheat":63,"minecraft:hay_block":24,"minecraft:smoker":1,"minecraft:light_gray_wool":11,"minecraft:sculk_vein":229,"minecraft:bookshelf":153,"minecraft:white_carpet":1,"minecraft:glow_lichen":2,"minecraft:powder_snow":14,"minecraft:enchanting_table":3,"minecraft:creaking_heart":1,"minecraft:mossy_cobblestone":39,"minecraft:grass_block":490,"minecraft:cobweb":46,"minecraft:spruce_leaves":30,"minecraft:cobbled_deepslate":42,"minecraft:white_wool":1,"minecraft:tuff":305,"minecraft:pale_oak_log":155,"minecraft:damaged_anvil":3,"minecraft:pale_oak_leaves":22,"minecraft:calcite":3,"minecraft:spruce_slab":1,"minecraft:pale_oak_planks":9,"minecraft:cobblestone_slab":374},"minecraft:custom":{"minecraft:time_since_rest":26354,"minecraft:talked_to_villager":1,"minecraft:leave_game":18,"minecraft:damage_taken":13598,"minecraft:mob_kills":411,"minecraft:time_since_death":544569,"minecraft:interact_with_furnace":114,"minecraft:sleep_in_bed":13,"minecraft:swim_one_cm":119299,"minecraft:total_world_time":928440,"minecraft:crouch_one_cm":158486,"minecraft:climb_one_cm":13220,"minecraft:deaths":18,"minecraft:interact_with_stonecutter":12,"minecraft:player_kills":3,"minecraft:enchant_item":5,"minecraft:damage_blocked_by_shield":10001,"minecraft:interact_with_crafting_table":153,"minecraft:walk_one_cm":2177290,"minecraft:walk_under_water_one_cm":73626,"minecraft:horse_one_cm":1603011,"minecraft:damage_dealt":68545,"minecraft:play_time":928440,"minecraft:jump":16806,"minecraft:drop":240,"minecraft:sprint_one_cm":1644515,"minecraft:open_chest":177,"minecraft:interact_with_smoker":26,"minecraft:fall_one_cm":505685,"minecraft:fly_one_cm":2285274,"minecraft:interact_with_anvil":7,"minecraft:walk_on_water_one_cm":134179,"minecraft:sneak_time":53522,"minecraft:interact_with_blast_furnace":98,"minecraft:interact_with_grindstone":1},"minecraft:broken":{"minecraft:iron_helmet":1,"minecraft:iron_hoe":9,"minecraft:iron_shovel":2,"minecraft:iron_pickaxe":3,"minecraft:iron_boots":1,"minecraft:iron_sword":3},"minecraft:dropped":{"minecraft:lily_pad":6,"minecraft:iron_axe":2,"minecraft:oak_planks":11,"minecraft:porkchop":4,"minecraft:mossy_cobblestone":1,"minecraft:wheat":3,"minecraft:gravel":17,"minecraft:cobbled_deepslate":23,"minecraft:bone":15,"minecraft:poppy":4,"minecraft:wheat_seeds":7,"minecraft:iron_ingot":12,"minecraft:cobblestone_slab":47,"minecraft:stone_pickaxe":1,"minecraft:shield":1,"minecraft:oak_sapling":23,"minecraft:enchanting_table":3,"minecraft:light_gray_wool":3,"minecraft:white_carpet":3,"minecraft:golden_horse_armor":1,"minecraft:open_eyeblossom":1,"minecraft:tuff":2,"minecraft:book":62,"minecraft:dandelion":3,"minecraft:string":13,"minecraft:iron_leggings":1,"minecraft:stick":29,"minecraft:oak_slab":59,"minecraft:acacia_planks":11,"minecraft:arrow":4,"minecraft:cooked_salmon":6,"minecraft:carrot":1,"minecraft:gunpowder":13,"minecraft:bread":3,"minecraft:spider_eye":6,"minecraft:iron_pickaxe":2,"minecraft:diamond_hoe":2,"minecraft:oak_door":4,"minecraft:baked_potato":2,"minecraft:diorite":20,"minecraft:rotten_flesh":66,"minecraft:red_carpet":5,"minecraft:cobblestone":69,"minecraft:music_disc_otherside":2,"minecraft:pointed_dripstone":4,"minecraft:sandstone":1,"minecraft:iron_chestplate":1,"minecraft:stone_sword":1,"minecraft:torch":11,"minecraft:leather_boots":1,"minecraft:birch_planks":1,"minecraft:bow":5,"minecraft:white_wool":4,"minecraft:dirt":34,"minecraft:leather":11,"minecraft:raw_copper":4,"minecraft:obsidian":14,"minecraft:resin_clump":2,"minecraft:birch_boat":2,"minecraft:granite":14,"minecraft:chest":1,"minecraft:pale_oak_door":2,"minecraft:diamond":2,"minecraft:cobbled_deepslate_slab":1,"minecraft:brown_wool":1,"minecraft:coal":1,"minecraft:wildflowers":6,"minecraft:bone_meal":1,"minecraft:poisonous_potato":1,"minecraft:birch_sapling":1,"minecraft:apple":1,"minecraft:water_bucket":1,"minecraft:leaf_litter":339,"minecraft:pale_oak_log":55,"minecraft:wooden_pickaxe":1,"minecraft:diamond_sword":4,"minecraft:flint":1,"minecraft:raw_iron":3,"minecraft:slime_ball":1,"minecraft:mutton":4,"minecraft:glow_ink_sac":10}},"DataVersion":4440}