{"stats":{"minecraft:crafted":{"minecraft:stone_sword":1,"minecraft:cooked_salmon":16,"minecraft:birch_planks":136,"minecraft:stone_pickaxe":1,"minecraft:iron_chestplate":1,"minecraft:iron_boots":1,"minecraft:stick":100,"minecraft:charcoal":23,"minecraft:wooden_pickaxe":1,"minecraft:cooked_beef":6,"minecraft:leather_boots":1,"minecraft:cooked_porkchop":14,"minecraft:iron_helmet":1,"minecraft:diamond_pickaxe":1,"minecraft:chest":1,"minecraft:air":0,"minecraft:wheat":216,"minecraft:bucket":1,"minecraft:bone_meal":81,"minecraft:furnace":8,"minecraft:birch_boat":3,"minecraft:pale_oak_planks":136,"minecraft:black_bed":1,"minecraft:dark_oak_planks":20,"minecraft:iron_ingot":101,"minecraft:bread":78,"minecraft:crafting_table":12,"minecraft:iron_hoe":9,"minecraft:torch":216,"minecraft:shield":1,"minecraft:bundle":2,"minecraft:stone_axe":2,"minecraft:iron_pickaxe":5,"minecraft:iron_sword":3,"minecraft:pale_oak_wood":3,"minecraft:iron_leggings":1},"minecraft:killed":{"minecraft:slime":1,"minecraft:skeleton":32,"minecraft:iron_golem":1,"minecraft:pig":7,"minecraft:vindicator":11,"minecraft:bat":1,"minecraft:spider":6,"minecraft:salmon":16,"minecraft:zombie":38,"minecraft:glow_squid":1,"minecraft:creeper":5,"minecraft:enderman":2,"minecraft:sheep":7,"minecraft:creaking":1,"minecraft:evoker":2,"minecraft:cow":7,"minecraft:drowned":1,"minecraft:vex":2},"minecraft:broken":{"minecraft:iron_hoe":8,"minecraft:iron_pickaxe":3,"minecraft:iron_sword":1},"minecraft:picked_up":{"minecraft:name_tag":7,"minecraft:carrot":40,"minecraft:pale_oak_log":466,"minecraft:cobblestone":473,"minecraft:leather":32,"minecraft:bone":128,"minecraft:redstone":7,"minecraft:resin_clump":83,"minecraft:water_bucket":1,"minecraft:diamond":13,"minecraft:slime_ball":1,"minecraft:iron_sword":9,"minecraft:granite":14,"minecraft:emerald":56,"minecraft:lily_pad":12,"minecraft:glow_ink_sac":6,"minecraft:book":562,"minecraft:carved_pumpkin":1,"minecraft:porkchop":14,"minecraft:salmon":16,"minecraft:stick":2,"minecraft:black_wool":3,"minecraft:wildflowers":23,"minecraft:charcoal":1,"minecraft:vex_armor_trim_smithing_template":10,"minecraft:cooked_salmon":66,"minecraft:cooked_porkchop":4,"minecraft:bow":4,"minecraft:green_wool":1,"minecraft:birch_boat":34,"minecraft:smooth_basalt":3,"minecraft:arrow":26,"minecraft:iron_axe":2,"minecraft:iron_ingot":25,"minecraft:red_carpet":5,"minecraft:dark_oak_planks":98,"minecraft:raw_iron":231,"minecraft:cobbled_deepslate":134,"minecraft:pointed_dripstone":11,"minecraft:hay_block":24,"minecraft:lapis_block":2,"minecraft:raw_gold":21,"minecraft:stone_axe":1,"minecraft:amethyst_block":3,"minecraft:wheat":19,"minecraft:damaged_anvil":4,"minecraft:mutton":12,"minecraft:gunpowder":9,"minecraft:iron_chestplate":1,"minecraft:dirt":27,"minecraft:open_eyeblossom":1,"minecraft:brown_wool":2,"minecraft:gravel":14,"minecraft:light_gray_wool":33,"minecraft:torch":117,"minecraft:dripstone_block":6,"minecraft:cobblestone_stairs":2,"minecraft:tuff":27,"minecraft:iron_boots":1,"minecraft:oxeye_daisy":1,"minecraft:leaf_litter":150,"minecraft:coal":175,"minecraft:pale_oak_planks":230,"minecraft:potato":3,"minecraft:birch_planks":80,"minecraft:birch_log":40,"minecraft:furnace":29,"minecraft:wheat_seeds":49,"minecraft:shield":9,"minecraft:lapis_lazuli":111,"minecraft:iron_pickaxe":6,"minecraft:spider_eye":7,"minecraft:bone_meal":1,"minecraft:dark_oak_log":43,"minecraft:iron_leggings":1,"minecraft:diorite":22,"minecraft:birch_sapling":1,"minecraft:totem_of_undying":16,"minecraft:poppy":3,"minecraft:cooked_beef":10,"minecraft:white_wool":12,"minecraft:oak_planks":2,"minecraft:crafting_table":13,"minecraft:raw_copper":103,"minecraft:oak_sapling":2,"minecraft:andesite":34,"minecraft:rotten_flesh":28,"minecraft:beef":18,"minecraft:diamond_hoe":9,"minecraft:string":4,"minecraft:obsidian":14,"minecraft:calcite":3,"minecraft:white_carpet":11,"minecraft:iron_helmet":1,"minecraft:gray_wool":1},"minecraft:dropped":{"minecraft:rotten_flesh":21,"minecraft:lily_pad":6,"minecraft:red_carpet":5,"minecraft:cobblestone":1,"minecraft:pointed_dripstone":4,"minecraft:leather_boots":1,"minecraft:wheat":1,"minecraft:stone_sword":1,"minecraft:torch":10,"minecraft:bow":1,"minecraft:gravel":12,"minecraft:white_wool":2,"minecraft:dirt":17,"minecraft:poppy":3,"minecraft:iron_ingot":12,"minecraft:resin_clump":2,"minecraft:birch_boat":2,"minecraft:diamond":2,"minecraft:stone_pickaxe":1,"minecraft:brown_wool":1,"minecraft:coal":1,"minecraft:oak_sapling":2,"minecraft:wildflowers":6,"minecraft:bone_meal":1,"minecraft:light_gray_wool":3,"minecraft:birch_sapling":1,"minecraft:white_carpet":3,"minecraft:open_eyeblossom":1,"minecraft:leaf_litter":15,"minecraft:dandelion":1,"minecraft:string":3,"minecraft:pale_oak_log":55,"minecraft:wooden_pickaxe":1,"minecraft:stick":2,"minecraft:arrow":1,"minecraft:carrot":1,"minecraft:cooked_salmon":6,"minecraft:gunpowder":4,"minecraft:bread":1,"minecraft:spider_eye":3,"minecraft:mutton":2,"minecraft:glow_ink_sac":3},"minecraft:custom":{"minecraft:time_since_rest":63593,"minecraft:leave_game":12,"minecraft:damage_taken":8402,"minecraft:mob_kills":142,"minecraft:time_since_death":101234,"minecraft:interact_with_furnace":71,"minecraft:sleep_in_bed":1,"minecraft:swim_one_cm":39243,"minecraft:total_world_time":292194,"minecraft:crouch_one_cm":25751,"minecraft:deaths":17,"minecraft:climb_one_cm":2199,"minecraft:player_kills":2,"minecraft:damage_blocked_by_shield":5379,"minecraft:interact_with_crafting_table":64,"minecraft:walk_one_cm":752757,"minecraft:walk_under_water_one_cm":30668,"minecraft:damage_dealt":24313,"minecraft:play_time":292194,"minecraft:jump":5661,"minecraft:drop":106,"minecraft:sprint_one_cm":546113,"minecraft:open_chest":33,"minecraft:fall_one_cm":188150,"minecraft:fly_one_cm":744320,"minecraft:walk_on_water_one_cm":49817,"minecraft:sneak_time":13966,"minecraft:interact_with_grindstone":1},"minecraft:used":{"minecraft:stone_axe":127,"minecraft:iron_axe":180,"minecraft:wildflowers":10,"minecraft:shield":118,"minecraft:iron_pickaxe":883,"minecraft:andesite":11,"minecraft:dark_oak_log":5,"minecraft:potato":3,"minecraft:iron_sword":492,"minecraft:wheat_seeds":26,"minecraft:diamond_pickaxe":86,"minecraft:light_gray_wool":13,"minecraft:cooked_porkchop":14,"minecraft:stone_sword":8,"minecraft:oxeye_daisy":1,"minecraft:wooden_pickaxe":6,"minecraft:pale_oak_planks":6,"minecraft:cobblestone":34,"minecraft:carrot":57,"minecraft:crafting_table":19,"minecraft:birch_boat":17,"minecraft:green_wool":1,"minecraft:stone_pickaxe":52,"minecraft:calcite":3,"minecraft:bow":7,"minecraft:iron_leggings":1,"minecraft:birch_planks":22,"minecraft:iron_hoe":2167,"minecraft:rotten_flesh":8,"minecraft:water_bucket":35,"minecraft:bone_meal":12,"minecraft:dark_oak_planks":16,"minecraft:pale_oak_log":28,"minecraft:furnace":14,"minecraft:mutton":1,"minecraft:bread":3,"minecraft:torch":183,"minecraft:dirt":8,"minecraft:black_bed":1,"minecraft:cooked_salmon":13,"minecraft:cobblestone_stairs":2,"minecraft:leather_boots":1,"minecraft:birch_log":6,"minecraft:white_wool":1,"minecraft:gray_wool":1,"minecraft:cooked_beef":6,"minecraft:bucket":36,"minecraft:chest":1,"minecraft:iron_helmet":1,"minecraft:dripstone_block":1,"minecraft:beef":5,"minecraft:oak_sapling":1},"minecraft:mined":{"minecraft:torch":10,"minecraft:sculk":2035,"minecraft:smooth_basalt":3,"minecraft:carrots":12,"minecraft:gravel":8,"minecraft:amethyst_block":3,"minecraft:short_grass":7,"minecraft:sculk_catalyst":2,"minecraft:crafting_table":9,"minecraft:birch_log":39,"minecraft:pale_hanging_moss":15,"minecraft:deepslate_redstone_ore":3,"minecraft:leaf_litter":1,"minecraft:black_wool":3,"minecraft:obsidian":15,"minecraft:dark_oak_planks":20,"minecraft:copper_ore":28,"minecraft:open_eyeblossom":1,"minecraft:gold_ore":8,"minecraft:birch_leaves":14,"minecraft:andesite":34,"minecraft:deepslate_gold_ore":13,"minecraft:wall_torch":9,"minecraft:resin_clump":7,"minecraft:deepslate_lapis_ore":9,"minecraft:deepslate_diamond_ore":11,"minecraft:deepslate_iron_ore":71,"minecraft:potatoes":1,"minecraft:dripstone_block":5,"minecraft:birch_planks":8,"minecraft:iron_ore":144,"minecraft:stone":236,"minecraft:pale_moss_block":1,"minecraft:glass_pane":10,"minecraft:granite":14,"minecraft:dark_oak_log":18,"minecraft:cobblestone_stairs":2,"minecraft:coal_ore":144,"minecraft:wheat":19,"minecraft:diorite":22,"minecraft:sculk_sensor":17,"minecraft:cobblestone":23,"minecraft:hay_block":24,"minecraft:oak_leaves":14,"minecraft:furnace":9,"minecraft:light_gray_wool":11,"minecraft:sculk_vein":134,"minecraft:bookshelf":23,"minecraft:white_carpet":1,"minecraft:deepslate_copper_ore":1,"minecraft:glow_lichen":1,"minecraft:powder_snow":10,"minecraft:wildflowers":6,"minecraft:pointed_dripstone":1,"minecraft:creaking_heart":1,"minecraft:lily_pad":8,"minecraft:dirt":19,"minecraft:grass_block":8,"minecraft:white_wool":1,"minecraft:tuff":27,"minecraft:pale_oak_log":155,"minecraft:damaged_anvil":2,"minecraft:pale_oak_leaves":20,"minecraft:deepslate":112,"minecraft:calcite":3,"minecraft:pale_oak_planks":1,"minecraft:lapis_ore":8},"minecraft:killed_by":{"minecraft:skeleton":1,"minecraft:player":1,"minecraft:vindicator":2,"minecraft:vex":6,"minecraft:zombie":2}},"DataVersion":4440}