{"stats":{"minecraft:used":{"minecraft:stone_axe":127,"minecraft:iron_axe":237,"minecraft:leaf_litter":61,"minecraft:wildflowers":10,"minecraft:shield":174,"minecraft:iron_pickaxe":883,"minecraft:andesite":11,"minecraft:diamond_sword":271,"minecraft:cobbled_deepslate_slab":9,"minecraft:dark_oak_log":5,"minecraft:potato":57,"minecraft:iron_sword":742,"minecraft:wheat_seeds":26,"minecraft:diamond_pickaxe":3889,"minecraft:bookshelf":21,"minecraft:light_gray_wool":13,"minecraft:cooked_porkchop":14,"minecraft:blast_furnace":4,"minecraft:stone_sword":8,"minecraft:lava_bucket":7,"minecraft:oxeye_daisy":1,"minecraft:damaged_anvil":2,"minecraft:wooden_pickaxe":6,"minecraft:pale_oak_planks":18,"minecraft:cobblestone":111,"minecraft:stone":3,"minecraft:pale_oak_door":8,"minecraft:carrot":65,"minecraft:crafting_table":27,"minecraft:birch_boat":17,"minecraft:green_wool":1,"minecraft:calcite":3,"minecraft:stone_pickaxe":52,"minecraft:bow":43,"minecraft:baked_potato":4,"minecraft:iron_leggings":1,"minecraft:cobbled_deepslate":283,"minecraft:yellow_bed":1,"minecraft:smoker":3,"minecraft:birch_planks":22,"minecraft:iron_hoe":2250,"minecraft:rotten_flesh":8,"minecraft:water_bucket":116,"minecraft:bone_meal":84,"minecraft:dark_oak_planks":16,"minecraft:pale_oak_log":28,"minecraft:furnace":17,"minecraft:mutton":1,"minecraft:torch":236,"minecraft:bread":71,"minecraft:dirt":27,"minecraft:black_bed":1,"minecraft:cooked_salmon":13,"minecraft:cobblestone_stairs":5,"minecraft:leather_boots":1,"minecraft:birch_log":6,"minecraft:white_wool":1,"minecraft:gray_wool":1,"minecraft:cooked_beef":6,"minecraft:bucket":125,"minecraft:chest":1,"minecraft:iron_helmet":1,"minecraft:dripstone_block":1,"minecraft:enchanting_table":2,"minecraft:beef":5,"minecraft:oak_sapling":1},"minecraft:crafted":{"minecraft:stone_sword":1,"minecraft:cooked_salmon":16,"minecraft:diamond_boots":1,"minecraft:gold_ingot":50,"minecraft:iron_chestplate":1,"minecraft:stick":120,"minecraft:leather_boots":1,"minecraft:cooked_porkchop":14,"minecraft:iron_helmet":1,"minecraft:diamond_pickaxe":2,"minecraft:chest":1,"minecraft:bookshelf":23,"minecraft:air":0,"minecraft:acacia_planks":16,"minecraft:bucket":3,"minecraft:bone_meal":138,"minecraft:pale_oak_door":3,"minecraft:dark_oak_planks":20,"minecraft:blast_furnace":4,"minecraft:iron_hoe":9,"minecraft:bundle":2,"minecraft:oak_planks":8,"minecraft:cobbled_deepslate_slab":6,"minecraft:enchanting_table":1,"minecraft:iron_sword":4,"minecraft:pale_oak_wood":3,"minecraft:smoker":2,"minecraft:birch_planks":140,"minecraft:stone_pickaxe":1,"minecraft:iron_boots":1,"minecraft:smooth_stone":24,"minecraft:charcoal":23,"minecraft:wooden_pickaxe":1,"minecraft:cooked_beef":6,"minecraft:diamond_chestplate":1,"minecraft:diamond_sword":1,"minecraft:wheat":216,"minecraft:raw_iron":229,"minecraft:furnace":15,"minecraft:birch_boat":3,"minecraft:pale_oak_planks":136,"minecraft:black_bed":1,"minecraft:iron_ingot":346,"minecraft:diamond_helmet":1,"minecraft:bread":81,"minecraft:stone":48,"minecraft:raw_iron_block":21,"minecraft:crafting_table":18,"minecraft:diamond_leggings":1,"minecraft:torch":248,"minecraft:baked_potato":73,"minecraft:shield":2,"minecraft:stone_axe":2,"minecraft:saddle":1,"minecraft:iron_pickaxe":5,"minecraft:iron_axe":1,"minecraft:iron_leggings":1},"minecraft:picked_up":{"minecraft:poisonous_potato":1,"minecraft:name_tag":7,"minecraft:enchanting_table":4,"minecraft:pale_oak_log":466,"minecraft:cobblestone":542,"minecraft:redstone":254,"minecraft:bone":177,"minecraft:slime_ball":15,"minecraft:iron_sword":9,"minecraft:diamond":169,"minecraft:white_banner":1,"minecraft:granite":14,"minecraft:smoker":1,"minecraft:emerald":56,"minecraft:lily_pad":12,"minecraft:book":625,"minecraft:salmon":16,"minecraft:wildflowers":23,"minecraft:charcoal":1,"minecraft:bow":6,"minecraft:birch_boat":34,"minecraft:smooth_basalt":3,"minecraft:arrow":78,"minecraft:iron_ingot":25,"minecraft:dark_oak_planks":98,"minecraft:hay_block":24,"minecraft:raw_gold":160,"minecraft:acacia_log":6,"minecraft:dandelion":1,"minecraft:mutton":22,"minecraft:acacia_planks":11,"minecraft:iron_chestplate":1,"minecraft:dirt":46,"minecraft:open_eyeblossom":1,"minecraft:rail":109,"minecraft:brown_wool":2,"minecraft:pale_oak_door":7,"minecraft:torch":146,"minecraft:dripstone_block":6,"minecraft:cobblestone_stairs":5,"minecraft:bread":2,"minecraft:iron_boots":1,"minecraft:oxeye_daisy":1,"minecraft:coal":299,"minecraft:oak_log":6,"minecraft:music_disc_otherside":2,"minecraft:birch_planks":80,"minecraft:furnace":30,"minecraft:wheat_seeds":121,"minecraft:iron_pickaxe":6,"minecraft:iron_leggings":1,"minecraft:diamond_sword":2,"minecraft:birch_sapling":1,"minecraft:totem_of_undying":16,"minecraft:poppy":3,"minecraft:cooked_beef":10,"minecraft:white_wool":14,"minecraft:andesite":34,"minecraft:diamond_hoe":9,"minecraft:ender_pearl":1,"minecraft:string":56,"minecraft:raw_iron_block":5,"minecraft:obsidian":28,"minecraft:white_carpet":11,"minecraft:sandstone":1,"minecraft:iron_helmet":1,"minecraft:carrot":40,"minecraft:leather":46,"minecraft:resin_clump":83,"minecraft:water_bucket":2,"minecraft:melon_seeds":2,"minecraft:glow_ink_sac":6,"minecraft:carved_pumpkin":1,"minecraft:porkchop":18,"minecraft:stick":10,"minecraft:black_wool":3,"minecraft:vex_armor_trim_smithing_template":10,"minecraft:cooked_salmon":66,"minecraft:cooked_porkchop":4,"minecraft:green_wool":1,"minecraft:iron_axe":2,"minecraft:red_carpet":5,"minecraft:raw_iron":619,"minecraft:cobbled_deepslate":745,"minecraft:pointed_dripstone":11,"minecraft:lapis_block":2,"minecraft:stone_axe":1,"minecraft:mossy_cobblestone":39,"minecraft:amethyst_block":3,"minecraft:wheat":30,"minecraft:damaged_anvil":5,"minecraft:gunpowder":16,"minecraft:chest":1,"minecraft:yellow_bed":1,"minecraft:cobbled_deepslate_slab":4,"minecraft:gravel":17,"minecraft:light_gray_wool":33,"minecraft:tuff":126,"minecraft:leaf_litter":211,"minecraft:pale_oak_planks":236,"minecraft:potato":130,"minecraft:birch_log":45,"minecraft:shield":9,"minecraft:lapis_lazuli":295,"minecraft:spider_eye":10,"minecraft:bone_meal":1,"minecraft:dark_oak_log":43,"minecraft:ominous_bottle":1,"minecraft:diorite":22,"minecraft:oak_planks":2,"minecraft:crafting_table":15,"minecraft:raw_copper":105,"minecraft:oak_sapling":2,"minecraft:beef":18,"minecraft:rotten_flesh":67,"minecraft:calcite":3,"minecraft:gray_wool":1},"minecraft:killed":{"minecraft:slime":19,"minecraft:pillager":2,"minecraft:skeleton":81,"minecraft:iron_golem":1,"minecraft:pig":9,"minecraft:vindicator":11,"minecraft:bat":1,"minecraft:spider":20,"minecraft:salmon":16,"minecraft:zombie":99,"minecraft:cave_spider":8,"minecraft:glow_squid":2,"minecraft:creeper":12,"minecraft:zombie_villager":2,"minecraft:chicken":1,"minecraft:enderman":3,"minecraft:evoker":2,"minecraft:sheep":13,"minecraft:creaking":1,"minecraft:drowned":2,"minecraft:cow":10,"minecraft:vex":2},"minecraft:killed_by":{"minecraft:skeleton":1,"minecraft:player":1,"minecraft:vindicator":2,"minecraft:vex":6,"minecraft:zombie":3},"minecraft:mined":{"minecraft:torch":15,"minecraft:sculk":2118,"minecraft:spawner":1,"minecraft:chest":1,"minecraft:smooth_basalt":3,"minecraft:carrots":12,"minecraft:gravel":37,"minecraft:short_grass":43,"minecraft:amethyst_block":3,"minecraft:sculk_catalyst":3,"minecraft:crafting_table":11,"minecraft:pale_hanging_moss":15,"minecraft:birch_log":45,"minecraft:deepslate_redstone_ore":80,"minecraft:leaf_litter":4,"minecraft:black_wool":3,"minecraft:obsidian":15,"minecraft:dark_oak_planks":20,"minecraft:copper_ore":28,"minecraft:raw_iron_block":5,"minecraft:sandstone":1,"minecraft:open_eyeblossom":1,"minecraft:gold_ore":8,"minecraft:birch_leaves":14,"minecraft:andesite":65,"minecraft:deepslate_gold_ore":98,"minecraft:wall_torch":25,"minecraft:resin_clump":7,"minecraft:deepslate_diamond_ore":126,"minecraft:deepslate_lapis_ore":39,"minecraft:deepslate_iron_ore":317,"minecraft:potatoes":35,"minecraft:dripstone_block":5,"minecraft:birch_planks":8,"minecraft:iron_ore":152,"minecraft:acacia_log":4,"minecraft:stone":478,"minecraft:pale_moss_block":1,"minecraft:glass_pane":10,"minecraft:dark_oak_log":18,"minecraft:granite":43,"minecraft:cobblestone_stairs":5,"minecraft:dandelion":1,"minecraft:coal_ore":194,"minecraft:diorite":34,"minecraft:sculk_sensor":20,"minecraft:wheat":39,"minecraft:hay_block":24,"minecraft:cobblestone":63,"minecraft:smoker":1,"minecraft:oak_leaves":16,"minecraft:furnace":11,"minecraft:light_gray_wool":11,"minecraft:sculk_vein":137,"minecraft:bookshelf":44,"minecraft:white_carpet":1,"minecraft:deepslate_copper_ore":1,"minecraft:glow_lichen":2,"minecraft:powder_snow":10,"minecraft:tall_grass":1,"minecraft:wildflowers":6,"minecraft:pointed_dripstone":1,"minecraft:enchanting_table":2,"minecraft:creaking_heart":1,"minecraft:lily_pad":8,"minecraft:rail":109,"minecraft:cobbled_deepslate_slab":2,"minecraft:mossy_cobblestone":39,"minecraft:dirt":30,"minecraft:pale_oak_door":7,"minecraft:grass_block":11,"minecraft:cobweb":46,"minecraft:cobbled_deepslate":28,"minecraft:white_wool":1,"minecraft:tuff":305,"minecraft:pale_oak_log":155,"minecraft:damaged_anvil":3,"minecraft:pale_oak_leaves":20,"minecraft:deepslate":2410,"minecraft:calcite":3,"minecraft:pale_oak_planks":9,"minecraft:oak_log":5,"minecraft:lapis_ore":9},"minecraft:custom":{"minecraft:time_since_rest":131860,"minecraft:talked_to_villager":1,"minecraft:leave_game":15,"minecraft:damage_taken":11257,"minecraft:mob_kills":323,"minecraft:time_since_death":179576,"minecraft:interact_with_furnace":102,"minecraft:sleep_in_bed":3,"minecraft:swim_one_cm":116119,"minecraft:total_world_time":563447,"minecraft:crouch_one_cm":37334,"minecraft:climb_one_cm":6992,"minecraft:deaths":18,"minecraft:player_kills":2,"minecraft:enchant_item":5,"minecraft:damage_blocked_by_shield":8677,"minecraft:interact_with_crafting_table":112,"minecraft:walk_one_cm":1443273,"minecraft:walk_under_water_one_cm":56189,"minecraft:horse_one_cm":924521,"minecraft:damage_dealt":51766,"minecraft:play_time":563447,"minecraft:jump":10302,"minecraft:drop":190,"minecraft:sprint_one_cm":1167991,"minecraft:open_chest":98,"minecraft:interact_with_smoker":17,"minecraft:fall_one_cm":300080,"minecraft:fly_one_cm":1455140,"minecraft:interact_with_anvil":5,"minecraft:walk_on_water_one_cm":97651,"minecraft:sneak_time":19701,"minecraft:interact_with_blast_furnace":41,"minecraft:interact_with_grindstone":1},"minecraft:broken":{"minecraft:iron_helmet":1,"minecraft:iron_hoe":9,"minecraft:iron_pickaxe":3,"minecraft:iron_boots":1,"minecraft:iron_sword":3},"minecraft:dropped":{"minecraft:lily_pad":6,"minecraft:porkchop":4,"minecraft:mossy_cobblestone":1,"minecraft:wheat":3,"minecraft:gravel":17,"minecraft:cobbled_deepslate":22,"minecraft:poppy":3,"minecraft:wheat_seeds":5,"minecraft:iron_ingot":12,"minecraft:stone_pickaxe":1,"minecraft:shield":1,"minecraft:oak_sapling":2,"minecraft:enchanting_table":3,"minecraft:light_gray_wool":3,"minecraft:white_carpet":3,"minecraft:golden_horse_armor":1,"minecraft:open_eyeblossom":1,"minecraft:tuff":2,"minecraft:book":62,"minecraft:dandelion":2,"minecraft:string":13,"minecraft:iron_leggings":1,"minecraft:stick":13,"minecraft:acacia_planks":11,"minecraft:arrow":1,"minecraft:cooked_salmon":6,"minecraft:carrot":1,"minecraft:gunpowder":11,"minecraft:bread":3,"minecraft:spider_eye":6,"minecraft:iron_pickaxe":1,"minecraft:baked_potato":2,"minecraft:diorite":20,"minecraft:rotten_flesh":65,"minecraft:red_carpet":5,"minecraft:cobblestone":58,"minecraft:music_disc_otherside":2,"minecraft:pointed_dripstone":4,"minecraft:sandstone":1,"minecraft:iron_chestplate":1,"minecraft:stone_sword":1,"minecraft:torch":10,"minecraft:leather_boots":1,"minecraft:bow":5,"minecraft:white_wool":4,"minecraft:dirt":17,"minecraft:leather":11,"minecraft:raw_copper":4,"minecraft:obsidian":14,"minecraft:resin_clump":2,"minecraft:birch_boat":2,"minecraft:granite":11,"minecraft:chest":1,"minecraft:pale_oak_door":2,"minecraft:diamond":2,"minecraft:cobbled_deepslate_slab":1,"minecraft:brown_wool":1,"minecraft:coal":1,"minecraft:wildflowers":6,"minecraft:bone_meal":1,"minecraft:poisonous_potato":1,"minecraft:birch_sapling":1,"minecraft:water_bucket":1,"minecraft:leaf_litter":15,"minecraft:pale_oak_log":55,"minecraft:wooden_pickaxe":1,"minecraft:diamond_sword":2,"minecraft:raw_iron":3,"minecraft:slime_ball":1,"minecraft:mutton":4,"minecraft:glow_ink_sac":6}},"DataVersion":4440}