{"stats":{"minecraft:crafted":{"minecraft:wooden_axe":1,"minecraft:birch_planks":36,"minecraft:stone_pickaxe":1,"minecraft:cooked_mutton":6,"minecraft:stick":40,"minecraft:wooden_pickaxe":1,"minecraft:cooked_beef":17,"minecraft:leather_boots":1,"minecraft:cooked_porkchop":2,"minecraft:air":0,"minecraft:wheat":82,"minecraft:bucket":1,"minecraft:furnace":2,"minecraft:dark_oak_planks":4,"minecraft:iron_ingot":11,"minecraft:bread":30,"minecraft:crafting_table":1,"minecraft:torch":64,"minecraft:white_bed":1,"minecraft:shield":1,"minecraft:stone_axe":2,"minecraft:oak_planks":32,"minecraft:iron_pickaxe":2,"minecraft:iron_sword":1,"minecraft:iron_axe":1},"minecraft:killed_by":{"minecraft:player":1,"minecraft:silverfish":1,"minecraft:zombie":1},"minecraft:picked_up":{"minecraft:cobblestone_wall":2,"minecraft:iron_door":1,"minecraft:name_tag":1,"minecraft:cobblestone":118,"minecraft:flint":1,"minecraft:white_bed":2,"minecraft:leather":11,"minecraft:bone":9,"minecraft:lead":1,"minecraft:resin_clump":13,"minecraft:water_bucket":1,"minecraft:stone_pickaxe":1,"minecraft:diamond":22,"minecraft:iron_sword":2,"minecraft:iron_horse_armor":1,"minecraft:emerald":5,"minecraft:lily_pad":2,"minecraft:golden_apple":5,"minecraft:glow_ink_sac":4,"minecraft:carved_pumpkin":1,"minecraft:porkchop":2,"minecraft:stick":32,"minecraft:black_wool":3,"minecraft:wildflowers":24,"minecraft:charcoal":16,"minecraft:bow":1,"minecraft:birch_boat":7,"minecraft:arrow":14,"minecraft:iron_axe":3,"minecraft:iron_ingot":18,"minecraft:dark_oak_planks":21,"minecraft:raw_iron":55,"minecraft:cobbled_deepslate":8,"minecraft:pointed_dripstone":4,"minecraft:hay_block":10,"minecraft:raw_gold":6,"minecraft:stone_axe":1,"minecraft:wheat":8,"minecraft:mutton":6,"minecraft:diamond_horse_armor":3,"minecraft:dirt":12,"minecraft:light_gray_carpet":2,"minecraft:red_wool":1,"minecraft:lever":1,"minecraft:gravel":29,"minecraft:torch":30,"minecraft:dripstone_block":2,"minecraft:bread":33,"minecraft:coal":74,"minecraft:oak_log":11,"minecraft:dark_oak_stairs":3,"minecraft:birch_planks":79,"minecraft:birch_log":9,"minecraft:furnace":3,"minecraft:shield":2,"minecraft:iron_pickaxe":2,"minecraft:dark_oak_log":2,"minecraft:diorite":3,"minecraft:poppy":4,"minecraft:cooked_beef":8,"minecraft:white_wool":3,"minecraft:oak_planks":25,"minecraft:crafting_table":5,"minecraft:rotten_flesh":48,"minecraft:beef":17,"minecraft:apple":1,"minecraft:string":4,"minecraft:leather_boots":2,"minecraft:white_carpet":3},"minecraft:killed":{"minecraft:zombie":21,"minecraft:skeleton":5,"minecraft:sheep":3,"minecraft:iron_golem":1,"minecraft:pig":1,"minecraft:cow":8,"minecraft:vex":2,"minecraft:vindicator":3,"minecraft:spider":4},"minecraft:custom":{"minecraft:time_since_rest":5180,"minecraft:leave_game":1,"minecraft:damage_taken":4816,"minecraft:mob_kills":49,"minecraft:time_since_death":5014,"minecraft:interact_with_furnace":35,"minecraft:sleep_in_bed":2,"minecraft:swim_one_cm":7373,"minecraft:total_world_time":184054,"minecraft:crouch_one_cm":70811,"minecraft:deaths":5,"minecraft:climb_one_cm":3965,"minecraft:player_kills":1,"minecraft:damage_blocked_by_shield":490,"minecraft:interact_with_crafting_table":27,"minecraft:walk_one_cm":641048,"minecraft:walk_under_water_one_cm":66880,"minecraft:damage_dealt":9967,"minecraft:play_time":184054,"minecraft:jump":2350,"minecraft:drop":22,"minecraft:sprint_one_cm":412881,"minecraft:open_chest":29,"minecraft:fall_one_cm":84266,"minecraft:fly_one_cm":256707,"minecraft:walk_on_water_one_cm":22879,"minecraft:sneak_time":28145},"minecraft:used":{"minecraft:stone_axe":81,"minecraft:iron_axe":55,"minecraft:cobbled_deepslate":8,"minecraft:wildflowers":14,"minecraft:diamond_hoe":16,"minecraft:shield":22,"minecraft:iron_pickaxe":194,"minecraft:iron_sword":180,"minecraft:birch_planks":50,"minecraft:rotten_flesh":25,"minecraft:water_bucket":1,"minecraft:wooden_axe":10,"minecraft:cooked_mutton":6,"minecraft:dark_oak_planks":9,"minecraft:furnace":5,"minecraft:cooked_porkchop":2,"minecraft:bread":14,"minecraft:torch":70,"minecraft:dirt":1,"minecraft:diorite":1,"minecraft:black_wool":1,"minecraft:leather_boots":2,"minecraft:wooden_pickaxe":18,"minecraft:light_gray_carpet":1,"minecraft:gravel":11,"minecraft:oak_log":3,"minecraft:cobblestone":85,"minecraft:cooked_beef":17,"minecraft:bucket":2,"minecraft:crafting_table":5,"minecraft:white_carpet":1,"minecraft:birch_boat":4,"minecraft:dripstone_block":1,"minecraft:oak_planks":7,"minecraft:white_bed":3,"minecraft:stone_pickaxe":54,"minecraft:bow":3},"minecraft:dropped":{"minecraft:lily_pad":2,"minecraft:red_wool":1,"minecraft:cobblestone_wall":1,"minecraft:oak_planks":3,"minecraft:white_carpet":2,"minecraft:bow":1,"minecraft:lead":1,"minecraft:gravel":1,"minecraft:wooden_pickaxe":1,"minecraft:dirt":1,"minecraft:light_gray_carpet":1,"minecraft:carved_pumpkin":1,"minecraft:wooden_axe":1,"minecraft:iron_pickaxe":1,"minecraft:stone_pickaxe":1,"minecraft:dark_oak_stairs":3},"minecraft:mined":{"minecraft:torch":5,"minecraft:lever":1,"minecraft:brown_wool":2,"minecraft:gravel":17,"minecraft:short_grass":1,"minecraft:red_carpet":2,"minecraft:infested_stone":1,"minecraft:crafting_table":5,"minecraft:birch_log":10,"minecraft:pale_hanging_moss":1,"minecraft:dark_oak_stairs":1,"minecraft:black_wool":3,"minecraft:red_wool":1,"minecraft:dark_oak_planks":31,"minecraft:iron_door":1,"minecraft:green_wool":1,"minecraft:birch_leaves":12,"minecraft:deepslate_gold_ore":3,"minecraft:wall_torch":2,"minecraft:resin_clump":8,"minecraft:cauldron":1,"minecraft:deepslate_diamond_ore":11,"minecraft:dripstone_block":2,"minecraft:birch_planks":14,"minecraft:iron_ore":29,"minecraft:stone":102,"minecraft:pale_moss_block":1,"minecraft:brown_carpet":12,"minecraft:glass_pane":3,"minecraft:dark_oak_log":1,"minecraft:coal_ore":37,"minecraft:diorite":1,"minecraft:oak_planks":2,"minecraft:cobblestone":13,"minecraft:hay_block":10,"minecraft:white_bed":2,"minecraft:oak_leaves":7,"minecraft:furnace":5,"minecraft:light_gray_wool":11,"minecraft:wildflowers":6,"minecraft:pointed_dripstone":1,"minecraft:emerald_ore":1,"minecraft:dirt":6,"minecraft:cobblestone_wall":1,"minecraft:lapis_block":1,"minecraft:grass_block":4,"minecraft:spruce_leaves":7,"minecraft:carved_pumpkin":1,"minecraft:light_gray_carpet":1,"minecraft:pale_oak_leaves":3,"minecraft:deepslate":8,"minecraft:cobblestone_slab":1,"minecraft:oak_log":11}},"DataVersion":4440}