{"stats":{"minecraft:used":{"minecraft:stone_axe":81,"minecraft:oak_fence":1,"minecraft:iron_axe":175,"minecraft:wildflowers":14,"minecraft:diamond_hoe":16,"minecraft:shield":22,"minecraft:iron_pickaxe":194,"minecraft:potato":28,"minecraft:iron_sword":195,"minecraft:wooden_axe":10,"minecraft:diamond_pickaxe":85,"minecraft:cooked_mutton":6,"minecraft:cooked_porkchop":2,"minecraft:iron_shovel":111,"minecraft:diorite":1,"minecraft:black_wool":1,"minecraft:wooden_pickaxe":18,"minecraft:light_gray_carpet":1,"minecraft:oak_log":19,"minecraft:cobblestone":115,"minecraft:wooden_shovel":64,"minecraft:crafting_table":5,"minecraft:white_carpet":1,"minecraft:birch_boat":4,"minecraft:snowball":86,"minecraft:oak_pressure_plate":1,"minecraft:white_bed":3,"minecraft:stone_pickaxe":54,"minecraft:bow":3,"minecraft:diamond_boots":1,"minecraft:oak_door":2,"minecraft:baked_potato":25,"minecraft:cobbled_deepslate":16,"minecraft:yellow_bed":2,"minecraft:mossy_cobblestone":1,"minecraft:dried_ghast":1,"minecraft:birch_planks":50,"minecraft:rotten_flesh":26,"minecraft:water_bucket":27,"minecraft:dark_oak_planks":9,"minecraft:furnace":5,"minecraft:bread":14,"minecraft:torch":77,"minecraft:dirt":146,"minecraft:iron_boots":1,"minecraft:leather_boots":2,"minecraft:gravel":11,"minecraft:oak_stairs":6,"minecraft:cooked_beef":17,"minecraft:bucket":29,"minecraft:dripstone_block":1,"minecraft:oak_planks":64},"minecraft:crafted":{"minecraft:wooden_axe":1,"minecraft:diamond_boots":1,"minecraft:birch_planks":36,"minecraft:stone_pickaxe":1,"minecraft:cooked_mutton":6,"minecraft:iron_boots":1,"minecraft:stick":40,"minecraft:wooden_pickaxe":1,"minecraft:cooked_beef":17,"minecraft:leather_boots":1,"minecraft:oak_door":3,"minecraft:cooked_porkchop":2,"minecraft:diamond_pickaxe":1,"minecraft:diamond_chestplate":1,"minecraft:wooden_shovel":1,"minecraft:air":0,"minecraft:wheat":82,"minecraft:bucket":2,"minecraft:furnace":2,"minecraft:oak_stairs":4,"minecraft:dark_oak_planks":8,"minecraft:iron_ingot":23,"minecraft:diamond_helmet":1,"minecraft:bread":30,"minecraft:crafting_table":1,"minecraft:diamond_leggings":1,"minecraft:torch":64,"minecraft:white_bed":1,"minecraft:baked_potato":56,"minecraft:shield":2,"minecraft:stone_axe":2,"minecraft:oak_planks":84,"minecraft:iron_pickaxe":2,"minecraft:iron_shovel":1,"minecraft:iron_sword":2,"minecraft:iron_axe":2},"minecraft:picked_up":{"minecraft:cobblestone_wall":2,"minecraft:iron_door":1,"minecraft:name_tag":1,"minecraft:cobblestone":180,"minecraft:flint":1,"minecraft:white_bed":2,"minecraft:leather":11,"minecraft:bone":10,"minecraft:lead":1,"minecraft:resin_clump":13,"minecraft:water_bucket":1,"minecraft:stone_pickaxe":1,"minecraft:baked_potato":1,"minecraft:diamond":27,"minecraft:iron_sword":2,"minecraft:iron_horse_armor":1,"minecraft:emerald":5,"minecraft:lily_pad":2,"minecraft:golden_apple":5,"minecraft:glow_ink_sac":4,"minecraft:carved_pumpkin":1,"minecraft:porkchop":3,"minecraft:oak_pressure_plate":1,"minecraft:stick":32,"minecraft:black_wool":3,"minecraft:wildflowers":24,"minecraft:charcoal":16,"minecraft:bow":1,"minecraft:birch_boat":7,"minecraft:arrow":14,"minecraft:iron_axe":3,"minecraft:iron_ingot":20,"minecraft:dark_oak_planks":21,"minecraft:raw_iron":63,"minecraft:cobbled_deepslate":19,"minecraft:pointed_dripstone":6,"minecraft:hay_block":10,"minecraft:raw_gold":6,"minecraft:stone_axe":1,"minecraft:mossy_cobblestone":1,"minecraft:wheat":8,"minecraft:mutton":6,"minecraft:yellow_bed":2,"minecraft:diamond_horse_armor":3,"minecraft:dirt":175,"minecraft:light_gray_carpet":2,"minecraft:red_wool":1,"minecraft:lever":1,"minecraft:gravel":29,"minecraft:torch":37,"minecraft:dripstone_block":2,"minecraft:bread":33,"minecraft:cobblestone_stairs":1,"minecraft:oak_stairs":25,"minecraft:leaf_litter":2,"minecraft:coal":77,"minecraft:oak_log":45,"minecraft:potato":83,"minecraft:oak_fence":1,"minecraft:dark_oak_stairs":3,"minecraft:birch_planks":80,"minecraft:birch_log":9,"minecraft:furnace":3,"minecraft:wheat_seeds":8,"minecraft:oak_door":1,"minecraft:shield":2,"minecraft:iron_pickaxe":2,"minecraft:dark_oak_log":2,"minecraft:diorite":3,"minecraft:poppy":5,"minecraft:cooked_beef":8,"minecraft:white_wool":3,"minecraft:oak_planks":50,"minecraft:crafting_table":5,"minecraft:snowball":207,"minecraft:rotten_flesh":48,"minecraft:beef":17,"minecraft:apple":1,"minecraft:string":4,"minecraft:leather_boots":2,"minecraft:white_carpet":3,"minecraft:dried_ghast":1,"minecraft:cornflower":1},"minecraft:killed":{"minecraft:zombie":25,"minecraft:skeleton":6,"minecraft:sheep":3,"minecraft:iron_golem":1,"minecraft:pig":1,"minecraft:cow":8,"minecraft:vex":2,"minecraft:vindicator":3,"minecraft:spider":6},"minecraft:killed_by":{"minecraft:player":1,"minecraft:silverfish":1,"minecraft:zombie":1},"minecraft:mined":{"minecraft:torch":5,"minecraft:lever":1,"minecraft:brown_wool":2,"minecraft:gravel":17,"minecraft:short_grass":31,"minecraft:dirt_path":1,"minecraft:red_carpet":2,"minecraft:infested_stone":1,"minecraft:crafting_table":5,"minecraft:birch_log":10,"minecraft:pale_hanging_moss":1,"minecraft:dark_oak_stairs":1,"minecraft:black_wool":3,"minecraft:red_wool":1,"minecraft:dark_oak_planks":31,"minecraft:iron_door":1,"minecraft:green_wool":1,"minecraft:birch_leaves":12,"minecraft:oak_fence":1,"minecraft:deepslate_gold_ore":3,"minecraft:wall_torch":5,"minecraft:resin_clump":8,"minecraft:yellow_bed":2,"minecraft:cauldron":1,"minecraft:poppy":1,"minecraft:deepslate_diamond_ore":15,"minecraft:potatoes":28,"minecraft:dripstone_block":2,"minecraft:birch_planks":14,"minecraft:iron_ore":37,"minecraft:stone":134,"minecraft:pale_moss_block":1,"minecraft:brown_carpet":12,"minecraft:glass_pane":7,"minecraft:dark_oak_log":1,"minecraft:coal_ore":40,"minecraft:diorite":1,"minecraft:oak_planks":25,"minecraft:cobblestone":35,"minecraft:hay_block":10,"minecraft:white_bed":2,"minecraft:oak_leaves":7,"minecraft:furnace":5,"minecraft:light_gray_wool":11,"minecraft:tall_grass":9,"minecraft:snow_block":50,"minecraft:wildflowers":6,"minecraft:pointed_dripstone":2,"minecraft:emerald_ore":1,"minecraft:oak_stairs":22,"minecraft:dirt":46,"minecraft:cobblestone_wall":1,"minecraft:mossy_cobblestone":1,"minecraft:lapis_block":1,"minecraft:grass_block":92,"minecraft:spruce_leaves":7,"minecraft:cobbled_deepslate":1,"minecraft:carved_pumpkin":1,"minecraft:light_gray_carpet":1,"minecraft:pale_oak_leaves":3,"minecraft:deepslate":19,"minecraft:cobblestone_slab":1,"minecraft:cornflower":1,"minecraft:oak_log":48,"minecraft:oak_door":1},"minecraft:custom":{"minecraft:time_since_rest":82,"minecraft:leave_game":8,"minecraft:damage_taken":5487,"minecraft:mob_kills":56,"minecraft:time_since_death":141275,"minecraft:interact_with_furnace":92,"minecraft:sleep_in_bed":11,"minecraft:happy_ghast_one_cm":1321912,"minecraft:swim_one_cm":7373,"minecraft:total_world_time":320315,"minecraft:crouch_one_cm":78531,"minecraft:deaths":5,"minecraft:climb_one_cm":4974,"minecraft:player_kills":1,"minecraft:minecart_one_cm":10373,"minecraft:damage_blocked_by_shield":490,"minecraft:interact_with_crafting_table":57,"minecraft:walk_one_cm":1055108,"minecraft:walk_under_water_one_cm":91486,"minecraft:damage_dealt":11105,"minecraft:play_time":320315,"minecraft:jump":3781,"minecraft:drop":24,"minecraft:sprint_one_cm":638354,"minecraft:open_chest":117,"minecraft:fall_one_cm":118930,"minecraft:fly_one_cm":462652,"minecraft:walk_on_water_one_cm":42839,"minecraft:sneak_time":30769},"minecraft:dropped":{"minecraft:lily_pad":2,"minecraft:red_wool":1,"minecraft:cobblestone_wall":1,"minecraft:oak_planks":3,"minecraft:white_carpet":2,"minecraft:bow":1,"minecraft:lead":1,"minecraft:gravel":1,"minecraft:wooden_pickaxe":1,"minecraft:dirt":1,"minecraft:black_wool":1,"minecraft:light_gray_carpet":1,"minecraft:carved_pumpkin":1,"minecraft:wooden_axe":1,"minecraft:iron_pickaxe":1,"minecraft:stone_pickaxe":1,"minecraft:baked_potato":1,"minecraft:dark_oak_stairs":3}},"DataVersion":4440}