{"stats":{"minecraft:used":{"minecraft:dirt":9},"minecraft:picked_up":{"minecraft:porkchop":2,"minecraft:dirt":35,"minecraft:white_wool":2,"minecraft:wheat_seeds":4,"minecraft:wildflowers":6,"minecraft:mutton":3},"minecraft:killed":{"minecraft:pig":1,"minecraft:sheep":2},"minecraft:killed_by":{"minecraft:zombie":1},"minecraft:mined":{"minecraft:short_grass":5,"minecraft:wildflowers":3,"minecraft:bush":3,"minecraft:dirt":1,"minecraft:grass_block":19},"minecraft:custom":{"minecraft:time_since_rest":4063,"minecraft:walk_one_cm":10173,"minecraft:leave_game":3,"minecraft:mob_kills":3,"minecraft:walk_under_water_one_cm":46,"minecraft:damage_taken":355,"minecraft:damage_dealt":272,"minecraft:play_time":6445,"minecraft:jump":175,"minecraft:time_since_death":4039,"minecraft:drop":1,"minecraft:sprint_one_cm":15485,"minecraft:fall_one_cm":6190,"minecraft:swim_one_cm":290,"minecraft:total_world_time":6445,"minecraft:fly_one_cm":31792,"minecraft:walk_on_water_one_cm":730,"minecraft:crouch_one_cm":563,"minecraft:sneak_time":159,"minecraft:deaths":1},"minecraft:dropped":{"minecraft:dirt":1}},"DataVersion":4440}