{"stats":{"minecraft:used":{"minecraft:iron_axe":255,"minecraft:cobbled_deepslate":49,"minecraft:diamond_helmet":1,"minecraft:baked_potato":2,"minecraft:yellow_bed":1,"minecraft:shield":51,"minecraft:iron_pickaxe":260,"minecraft:pale_oak_trapdoor":1,"minecraft:iron_sword":114,"minecraft:rotten_flesh":6,"minecraft:birch_planks":5,"minecraft:water_bucket":4,"minecraft:diamond_pickaxe":20,"minecraft:cooked_mutton":8,"minecraft:ladder":3,"minecraft:furnace":2,"minecraft:granite":1,"minecraft:dirt":22,"minecraft:diamond_leggings":2,"minecraft:pale_oak_planks":9,"minecraft:white_wool":2,"minecraft:cobblestone":26,"minecraft:diamond_chestplate":1,"minecraft:gray_wool":1,"minecraft:cooked_beef":3,"minecraft:bucket":5,"minecraft:crafting_table":4,"minecraft:chest":2,"minecraft:oak_sapling":44,"minecraft:white_bed":2,"minecraft:stone_pickaxe":86,"minecraft:bow":22,"minecraft:diamond_boots":1},"minecraft:crafted":{"minecraft:diamond_boots":1,"minecraft:birch_planks":44,"minecraft:stone_pickaxe":1,"minecraft:cooked_mutton":9,"minecraft:stick":56,"minecraft:charcoal":1,"minecraft:cooked_beef":3,"minecraft:chest":2,"minecraft:diamond_pickaxe":1,"minecraft:bookshelf":4,"minecraft:diamond_chestplate":1,"minecraft:diamond_sword":1,"minecraft:bow":1,"minecraft:air":0,"minecraft:bucket":1,"minecraft:furnace":2,"minecraft:ladder":3,"minecraft:pale_oak_planks":248,"minecraft:iron_ingot":19,"minecraft:pale_oak_trapdoor":2,"minecraft:diamond_helmet":1,"minecraft:crafting_table":2,"minecraft:diamond_leggings":1,"minecraft:shield":2,"minecraft:oak_planks":868,"minecraft:iron_pickaxe":2,"minecraft:iron_sword":2,"minecraft:iron_axe":1},"minecraft:picked_up":{"minecraft:yellow_bed":1,"minecraft:enchanting_table":1,"minecraft:dirt":31,"minecraft:cobblestone":27,"minecraft:white_bed":2,"minecraft:bone":4,"minecraft:tuff":4,"minecraft:oxeye_daisy":1,"minecraft:leaf_litter":13,"minecraft:coal":33,"minecraft:stone_pickaxe":1,"minecraft:cooked_mutton":1,"minecraft:oak_log":217,"minecraft:pale_oak_planks":8,"minecraft:furnace":1,"minecraft:birch_planks":11,"minecraft:birch_log":11,"minecraft:baked_potato":2,"minecraft:diamond":191,"minecraft:iron_sword":2,"minecraft:granite":1,"minecraft:spider_eye":2,"minecraft:glow_ink_sac":5,"minecraft:book":62,"minecraft:stick":35,"minecraft:white_wool":7,"minecraft:oak_planks":164,"minecraft:closed_eyeblossom":4,"minecraft:crafting_table":3,"minecraft:arrow":4,"minecraft:oak_sapling":45,"minecraft:iron_ingot":3,"minecraft:rotten_flesh":10,"minecraft:raw_iron":27,"minecraft:cobbled_deepslate":196,"minecraft:apple":4,"minecraft:string":5,"minecraft:mutton":10,"minecraft:gunpowder":2,"minecraft:gray_wool":1,"minecraft:diamond_leggings":1},"minecraft:killed":{"minecraft:zombie":10,"minecraft:skeleton":8,"minecraft:creeper":1,"minecraft:sheep":7,"minecraft:silverfish":1,"minecraft:spider":6},"minecraft:killed_by":{"minecraft:skeleton":2,"minecraft:player":1,"minecraft:warden":1},"minecraft:mined":{"minecraft:pale_moss_block":2,"minecraft:sculk":7,"minecraft:granite":1,"minecraft:closed_eyeblossom":4,"minecraft:coal_ore":33,"minecraft:white_bed":2,"minecraft:short_grass":3,"minecraft:sculk_catalyst":1,"minecraft:oak_leaves":40,"minecraft:furnace":1,"minecraft:crafting_table":3,"minecraft:birch_log":11,"minecraft:leaf_litter":6,"minecraft:oxeye_daisy":1,"minecraft:dirt":20,"minecraft:birch_leaves":1,"minecraft:sculk_shrieker":3,"minecraft:grass_block":11,"minecraft:cobweb":4,"minecraft:white_wool":1,"minecraft:tuff":4,"minecraft:deepslate":133,"minecraft:yellow_bed":1,"minecraft:pale_oak_planks":6,"minecraft:deepslate_diamond_ore":128,"minecraft:deepslate_iron_ore":21,"minecraft:oak_log":218,"minecraft:birch_planks":11,"minecraft:iron_ore":6,"minecraft:stone":28},"minecraft:custom":{"minecraft:time_since_rest":10012,"minecraft:leave_game":2,"minecraft:damage_taken":1837,"minecraft:mob_kills":34,"minecraft:time_since_death":9982,"minecraft:interact_with_furnace":20,"minecraft:sleep_in_bed":3,"minecraft:total_world_time":134889,"minecraft:swim_one_cm":1058,"minecraft:crouch_one_cm":32456,"minecraft:deaths":4,"minecraft:climb_one_cm":2955,"minecraft:damage_blocked_by_shield":3302,"minecraft:interact_with_crafting_table":31,"minecraft:walk_one_cm":369514,"minecraft:walk_under_water_one_cm":38683,"minecraft:play_time":134889,"minecraft:damage_dealt":5511,"minecraft:jump":2856,"minecraft:drop":17,"minecraft:sprint_one_cm":250121,"minecraft:open_chest":26,"minecraft:fall_one_cm":76379,"minecraft:fly_one_cm":387500,"minecraft:walk_on_water_one_cm":51094,"minecraft:sneak_time":10366},"minecraft:broken":{"minecraft:iron_axe":1},"minecraft:dropped":{"minecraft:spider_eye":1,"minecraft:oxeye_daisy":1,"minecraft:leaf_litter":13,"minecraft:stone_pickaxe":1,"minecraft:mutton":1,"minecraft:iron_sword":1,"minecraft:dirt":1,"minecraft:stick":7,"minecraft:oak_sapling":1,"minecraft:glow_ink_sac":5}},"DataVersion":4440}