{"stats":{"minecraft:used":{"minecraft:iron_axe":317,"minecraft:baked_potato":2,"minecraft:cobbled_deepslate":111,"minecraft:diamond_helmet":1,"minecraft:yellow_bed":1,"minecraft:shield":88,"minecraft:iron_pickaxe":322,"minecraft:andesite":12,"minecraft:diamond_sword":40,"minecraft:pale_oak_trapdoor":1,"minecraft:iron_sword":175,"minecraft:birch_planks":5,"minecraft:rotten_flesh":14,"minecraft:water_bucket":9,"minecraft:diamond_pickaxe":489,"minecraft:cooked_mutton":9,"minecraft:ladder":3,"minecraft:furnace":3,"minecraft:granite":10,"minecraft:dirt":26,"minecraft:diorite":6,"minecraft:gravel":4,"minecraft:diamond_leggings":3,"minecraft:white_wool":4,"minecraft:pale_oak_planks":9,"minecraft:cobblestone":71,"minecraft:diamond_chestplate":2,"minecraft:gray_wool":1,"minecraft:cooked_beef":3,"minecraft:carrot":1,"minecraft:bucket":10,"minecraft:crafting_table":6,"minecraft:chest":2,"minecraft:dripstone_block":1,"minecraft:oak_planks":88,"minecraft:oak_sapling":44,"minecraft:white_bed":2,"minecraft:stone_pickaxe":86,"minecraft:bow":33,"minecraft:diamond_boots":2},"minecraft:crafted":{"minecraft:diamond_boots":2,"minecraft:birch_planks":44,"minecraft:stone_pickaxe":1,"minecraft:cooked_mutton":9,"minecraft:stick":64,"minecraft:charcoal":1,"minecraft:cooked_beef":3,"minecraft:diamond_pickaxe":2,"minecraft:chest":2,"minecraft:bookshelf":4,"minecraft:diamond_chestplate":2,"minecraft:diamond_sword":2,"minecraft:air":0,"minecraft:bow":1,"minecraft:bucket":2,"minecraft:furnace":4,"minecraft:ladder":3,"minecraft:pale_oak_planks":248,"minecraft:iron_ingot":68,"minecraft:pale_oak_trapdoor":2,"minecraft:diamond_helmet":2,"minecraft:crafting_table":4,"minecraft:diamond_leggings":1,"minecraft:shield":4,"minecraft:oak_planks":1056,"minecraft:iron_pickaxe":5,"minecraft:iron_sword":3,"minecraft:iron_axe":2},"minecraft:picked_up":{"minecraft:enchanting_table":1,"minecraft:carrot":2,"minecraft:cobblestone":305,"minecraft:white_bed":2,"minecraft:leather":9,"minecraft:bone":23,"minecraft:water_bucket":1,"minecraft:stone_pickaxe":1,"minecraft:cooked_mutton":1,"minecraft:baked_potato":2,"minecraft:diamond":281,"minecraft:iron_sword":5,"minecraft:granite":10,"minecraft:glow_ink_sac":5,"minecraft:book":62,"minecraft:porkchop":1,"minecraft:stick":37,"minecraft:diamond_boots":1,"minecraft:bow":1,"minecraft:arrow":18,"minecraft:iron_axe":2,"minecraft:iron_ingot":85,"minecraft:raw_iron":44,"minecraft:cobbled_deepslate":278,"minecraft:diamond_chestplate":1,"minecraft:pointed_dripstone":1,"minecraft:mutton":13,"minecraft:gunpowder":2,"minecraft:diamond_leggings":2,"minecraft:yellow_bed":1,"minecraft:dirt":36,"minecraft:diamond_helmet":1,"minecraft:gravel":7,"minecraft:diamond_pickaxe":2,"minecraft:dripstone_block":1,"minecraft:tuff":4,"minecraft:oxeye_daisy":1,"minecraft:leaf_litter":16,"minecraft:coal":178,"minecraft:oak_log":270,"minecraft:pale_oak_planks":8,"minecraft:birch_planks":11,"minecraft:birch_log":11,"minecraft:furnace":3,"minecraft:shield":3,"minecraft:lapis_lazuli":6,"minecraft:iron_pickaxe":5,"minecraft:spider_eye":2,"minecraft:diamond_sword":1,"minecraft:diorite":6,"minecraft:white_wool":11,"minecraft:oak_planks":634,"minecraft:closed_eyeblossom":4,"minecraft:crafting_table":6,"minecraft:raw_copper":5,"minecraft:oak_sapling":45,"minecraft:andesite":36,"minecraft:rotten_flesh":21,"minecraft:beef":14,"minecraft:apple":4,"minecraft:string":48,"minecraft:obsidian":8,"minecraft:gray_wool":1},"minecraft:killed":{"minecraft:zombie":22,"minecraft:skeleton":14,"minecraft:creeper":1,"minecraft:sheep":9,"minecraft:pig":1,"minecraft:cow":4,"minecraft:silverfish":1,"minecraft:spider":7},"minecraft:killed_by":{"minecraft:skeleton":4,"minecraft:player":1,"minecraft:warden":1,"minecraft:zombie":2},"minecraft:mined":{"minecraft:pale_moss_block":2,"minecraft:sculk":7,"minecraft:granite":10,"minecraft:closed_eyeblossom":4,"minecraft:coal_ore":142,"minecraft:diorite":6,"minecraft:oak_planks":1,"minecraft:white_bed":2,"minecraft:gravel":7,"minecraft:short_grass":5,"minecraft:sculk_catalyst":1,"minecraft:oak_leaves":50,"minecraft:furnace":2,"minecraft:crafting_table":5,"minecraft:birch_log":11,"minecraft:leaf_litter":8,"minecraft:oxeye_daisy":1,"minecraft:obsidian":4,"minecraft:copper_ore":2,"minecraft:tall_grass":5,"minecraft:pointed_dripstone":1,"minecraft:dirt":23,"minecraft:birch_leaves":1,"minecraft:andesite":36,"minecraft:sculk_shrieker":3,"minecraft:grass_block":13,"minecraft:cobweb":4,"minecraft:white_wool":1,"minecraft:tuff":5,"minecraft:deepslate":164,"minecraft:yellow_bed":1,"minecraft:pale_oak_planks":6,"minecraft:deepslate_diamond_ore":152,"minecraft:deepslate_iron_ore":25,"minecraft:dripstone_block":3,"minecraft:oak_log":268,"minecraft:birch_planks":11,"minecraft:iron_ore":19,"minecraft:infested_deepslate":1,"minecraft:lapis_ore":1,"minecraft:stone":307},"minecraft:custom":{"minecraft:time_since_rest":1612,"minecraft:leave_game":2,"minecraft:damage_taken":3673,"minecraft:mob_kills":62,"minecraft:time_since_death":1586,"minecraft:interact_with_furnace":25,"minecraft:sleep_in_bed":7,"minecraft:swim_one_cm":1058,"minecraft:total_world_time":212889,"minecraft:crouch_one_cm":62956,"minecraft:deaths":10,"minecraft:climb_one_cm":6531,"minecraft:damage_blocked_by_shield":5506,"minecraft:interact_with_crafting_table":48,"minecraft:walk_one_cm":543415,"minecraft:horse_one_cm":2688,"minecraft:walk_under_water_one_cm":52147,"minecraft:damage_dealt":10188,"minecraft:play_time":212889,"minecraft:jump":4468,"minecraft:drop":18,"minecraft:sprint_one_cm":409754,"minecraft:open_chest":33,"minecraft:fall_one_cm":126429,"minecraft:fly_one_cm":595722,"minecraft:walk_on_water_one_cm":81228,"minecraft:sneak_time":18702},"minecraft:broken":{"minecraft:iron_axe":1},"minecraft:dropped":{"minecraft:spider_eye":1,"minecraft:oxeye_daisy":1,"minecraft:leaf_litter":13,"minecraft:diamond_pickaxe":1,"minecraft:stone_pickaxe":1,"minecraft:mutton":1,"minecraft:iron_sword":1,"minecraft:dirt":1,"minecraft:stick":7,"minecraft:oak_sapling":1,"minecraft:glow_ink_sac":5}},"DataVersion":4440}