{"stats":{"minecraft:crafted":{"minecraft:stick":8,"minecraft:furnace":1,"minecraft:iron_ingot":6,"minecraft:shield":1,"minecraft:birch_planks":44,"minecraft:iron_pickaxe":1,"minecraft:iron_sword":1,"minecraft:crafting_table":1},"minecraft:killed":{"minecraft:zombie":5,"minecraft:skeleton":4,"minecraft:creeper":1,"minecraft:sheep":1,"minecraft:spider":4},"minecraft:picked_up":{"minecraft:yellow_bed":1,"minecraft:dirt":6,"minecraft:cobblestone":2,"minecraft:white_wool":1,"minecraft:closed_eyeblossom":4,"minecraft:crafting_table":2,"minecraft:arrow":4,"minecraft:bone":4,"minecraft:oak_sapling":1,"minecraft:rotten_flesh":6,"minecraft:raw_iron":6,"minecraft:cobbled_deepslate":17,"minecraft:oxeye_daisy":1,"minecraft:leaf_litter":3,"minecraft:coal":15,"minecraft:string":5,"minecraft:furnace":1,"minecraft:birch_planks":11,"minecraft:birch_log":11,"minecraft:diamond":15,"minecraft:mutton":1,"minecraft:gunpowder":2,"minecraft:spider_eye":1},"minecraft:dropped":{"minecraft:oxeye_daisy":1,"minecraft:leaf_litter":3,"minecraft:mutton":1,"minecraft:dirt":1,"minecraft:oak_sapling":1},"minecraft:custom":{"minecraft:time_since_rest":1003,"minecraft:leave_game":1,"minecraft:damage_taken":506,"minecraft:mob_kills":15,"minecraft:time_since_death":922,"minecraft:interact_with_furnace":5,"minecraft:sleep_in_bed":3,"minecraft:total_world_time":36982,"minecraft:swim_one_cm":1044,"minecraft:crouch_one_cm":10213,"minecraft:deaths":2,"minecraft:damage_blocked_by_shield":1536,"minecraft:interact_with_crafting_table":5,"minecraft:walk_one_cm":124903,"minecraft:walk_under_water_one_cm":8178,"minecraft:play_time":36982,"minecraft:damage_dealt":2793,"minecraft:jump":954,"minecraft:drop":7,"minecraft:sprint_one_cm":83200,"minecraft:open_chest":4,"minecraft:fall_one_cm":23627,"minecraft:fly_one_cm":155226,"minecraft:walk_on_water_one_cm":9404,"minecraft:sneak_time":2765},"minecraft:used":{"minecraft:rotten_flesh":6,"minecraft:birch_planks":5,"minecraft:crafting_table":2,"minecraft:yellow_bed":1,"minecraft:shield":28,"minecraft:iron_pickaxe":21,"minecraft:furnace":1,"minecraft:stone_pickaxe":34,"minecraft:dirt":5,"minecraft:white_wool":1,"minecraft:iron_sword":51,"minecraft:cobblestone":1},"minecraft:mined":{"minecraft:pale_moss_block":2,"minecraft:dirt":1,"minecraft:closed_eyeblossom":4,"minecraft:birch_leaves":1,"minecraft:coal_ore":15,"minecraft:grass_block":5,"minecraft:short_grass":2,"minecraft:deepslate":16,"minecraft:yellow_bed":1,"minecraft:furnace":1,"minecraft:deepslate_diamond_ore":15,"minecraft:deepslate_iron_ore":6,"minecraft:crafting_table":2,"minecraft:birch_log":11,"minecraft:oxeye_daisy":1,"minecraft:birch_planks":11,"minecraft:stone":2},"minecraft:killed_by":{"minecraft:skeleton":1,"minecraft:player":1}},"DataVersion":4440}