{"stats":{"minecraft:used":{"minecraft:rotten_flesh":4,"minecraft:crafting_table":2,"minecraft:yellow_bed":1,"minecraft:shield":17,"minecraft:iron_pickaxe":5,"minecraft:furnace":1,"minecraft:stone_pickaxe":34,"minecraft:dirt":5,"minecraft:white_wool":1,"minecraft:iron_sword":34,"minecraft:cobblestone":1},"minecraft:crafted":{"minecraft:furnace":1,"minecraft:stick":8,"minecraft:iron_ingot":6,"minecraft:shield":1,"minecraft:birch_planks":44,"minecraft:iron_pickaxe":1,"minecraft:iron_sword":1,"minecraft:crafting_table":1},"minecraft:picked_up":{"minecraft:yellow_bed":1,"minecraft:dirt":6,"minecraft:cobblestone":2,"minecraft:white_wool":1,"minecraft:closed_eyeblossom":4,"minecraft:crafting_table":2,"minecraft:arrow":4,"minecraft:bone":4,"minecraft:oak_sapling":1,"minecraft:cobbled_deepslate":13,"minecraft:rotten_flesh":4,"minecraft:raw_iron":6,"minecraft:oxeye_daisy":1,"minecraft:leaf_litter":3,"minecraft:coal":15,"minecraft:string":2,"minecraft:furnace":1,"minecraft:birch_planks":9,"minecraft:birch_log":11,"minecraft:diamond":3,"minecraft:mutton":1,"minecraft:gunpowder":2,"minecraft:spider_eye":1},"minecraft:killed":{"minecraft:zombie":3,"minecraft:skeleton":4,"minecraft:creeper":1,"minecraft:sheep":1,"minecraft:spider":2},"minecraft:killed_by":{"minecraft:player":1},"minecraft:mined":{"minecraft:pale_moss_block":2,"minecraft:dirt":1,"minecraft:closed_eyeblossom":4,"minecraft:birch_leaves":1,"minecraft:grass_block":5,"minecraft:coal_ore":15,"minecraft:short_grass":2,"minecraft:deepslate":12,"minecraft:yellow_bed":1,"minecraft:furnace":1,"minecraft:deepslate_diamond_ore":3,"minecraft:deepslate_iron_ore":6,"minecraft:crafting_table":2,"minecraft:oxeye_daisy":1,"minecraft:birch_log":11,"minecraft:birch_planks":9,"minecraft:stone":2},"minecraft:custom":{"minecraft:interact_with_crafting_table":4,"minecraft:damage_blocked_by_shield":872,"minecraft:time_since_rest":14895,"minecraft:walk_one_cm":56769,"minecraft:walk_under_water_one_cm":8154,"minecraft:mob_kills":11,"minecraft:damage_taken":431,"minecraft:play_time":24000,"minecraft:damage_dealt":1913,"minecraft:jump":643,"minecraft:time_since_death":15966,"minecraft:drop":7,"minecraft:interact_with_furnace":5,"minecraft:sprint_one_cm":58721,"minecraft:open_chest":4,"minecraft:sleep_in_bed":3,"minecraft:fall_one_cm":17077,"minecraft:total_world_time":24000,"minecraft:swim_one_cm":1044,"minecraft:fly_one_cm":114496,"minecraft:walk_on_water_one_cm":8734,"minecraft:crouch_one_cm":9777,"minecraft:sneak_time":2633,"minecraft:deaths":1},"minecraft:dropped":{"minecraft:oxeye_daisy":1,"minecraft:leaf_litter":3,"minecraft:mutton":1,"minecraft:dirt":1,"minecraft:oak_sapling":1}},"DataVersion":4440}