{"stats":{"minecraft:crafted":{"minecraft:wooden_axe":1,"minecraft:diamond_boots":5,"minecraft:golden_helmet":1,"minecraft:smithing_table":1,"minecraft:gold_ingot":79,"minecraft:iron_chestplate":1,"minecraft:stick":268,"minecraft:netherite_sword":1,"minecraft:blue_wool":1,"minecraft:compass":2,"minecraft:painting":2,"minecraft:minecart":1,"minecraft:cooked_porkchop":6,"minecraft:iron_helmet":1,"minecraft:diamond_axe":1,"minecraft:iron_block":3,"minecraft:diamond_pickaxe":6,"minecraft:chest":17,"minecraft:bookshelf":14,"minecraft:pink_wool":1,"minecraft:air":0,"minecraft:bow":2,"minecraft:red_harness":1,"minecraft:bucket":6,"minecraft:bone_meal":33,"minecraft:oak_boat":1,"minecraft:ladder":6,"minecraft:oak_stairs":28,"minecraft:dark_oak_planks":4,"minecraft:jukebox":1,"minecraft:diamond_shovel":2,"minecraft:red_dye":1,"minecraft:glass":9,"minecraft:flower_pot":1,"minecraft:iron_hoe":5,"minecraft:wooden_hoe":1,"minecraft:oak_trapdoor":2,"minecraft:oak_planks":2700,"minecraft:blue_harness":1,"minecraft:red_wool":1,"minecraft:enchanting_table":2,"minecraft:iron_shovel":3,"minecraft:iron_sword":3,"minecraft:smoker":1,"minecraft:pink_dye":2,"minecraft:netherite_upgrade_smithing_template":16,"minecraft:netherite_helmet":1,"minecraft:note_block":3,"minecraft:birch_planks":388,"minecraft:hopper":4,"minecraft:stone_pickaxe":2,"minecraft:cooked_mutton":31,"minecraft:iron_boots":1,"minecraft:anvil":1,"minecraft:netherite_ingot":11,"minecraft:charcoal":12,"minecraft:wooden_pickaxe":1,"minecraft:oak_fence_gate":2,"minecraft:cooked_beef":46,"minecraft:oak_door":6,"minecraft:blue_dye":1,"minecraft:oak_slab":18,"minecraft:cherry_planks":64,"minecraft:brick":16,"minecraft:netherite_boots":1,"minecraft:diamond_chestplate":5,"minecraft:diamond_sword":6,"minecraft:netherite_scrap":46,"minecraft:cherry_trapdoor":2,"minecraft:furnace":5,"minecraft:pale_oak_planks":248,"minecraft:netherite_leggings":1,"minecraft:iron_ingot":159,"minecraft:pale_oak_trapdoor":2,"minecraft:diamond_hoe":11,"minecraft:diamond_helmet":5,"minecraft:crafting_table":12,"minecraft:netherite_chestplate":1,"minecraft:diamond_leggings":4,"minecraft:white_bed":2,"minecraft:baked_potato":196,"minecraft:shield":7,"minecraft:observer":1,"minecraft:lectern":1,"minecraft:pink_harness":1,"minecraft:iron_pickaxe":5,"minecraft:iron_axe":3,"minecraft:iron_leggings":1,"minecraft:piston":1},"minecraft:used":{"minecraft:painting":27,"minecraft:iron_axe":429,"minecraft:diamond_helmet":5,"minecraft:diamond_hoe":11468,"minecraft:diamond_sword":573,"minecraft:potato":556,"minecraft:wooden_axe":6,"minecraft:salmon":5,"minecraft:cooked_porkchop":7,"minecraft:granite":12,"minecraft:iron_shovel":622,"minecraft:black_wool":1,"minecraft:smithing_table":4,"minecraft:oak_log":4,"minecraft:grindstone":1,"minecraft:diamond_axe":794,"minecraft:white_carpet":1,"minecraft:snowball":107,"minecraft:jukebox":2,"minecraft:dandelion":1,"minecraft:stone_pickaxe":134,"minecraft:pointed_dripstone":1,"minecraft:bow":43,"minecraft:oak_door":11,"minecraft:iron_leggings":1,"minecraft:cobbled_deepslate":296,"minecraft:netherrack":356,"minecraft:yellow_bed":2,"minecraft:diamond_shovel":1799,"minecraft:dried_ghast":1,"minecraft:fire_charge":1,"minecraft:pale_oak_trapdoor":2,"minecraft:birch_planks":41,"minecraft:rotten_flesh":17,"minecraft:bone_meal":33,"minecraft:dark_oak_planks":31,"minecraft:anvil":2,"minecraft:mutton":15,"minecraft:dirt":1321,"minecraft:cooked_salmon":1,"minecraft:obsidian":10,"minecraft:sand":3,"minecraft:spruce_planks":2,"minecraft:cooked_cod":6,"minecraft:rail":2,"minecraft:gray_wool":1,"minecraft:lectern":2,"minecraft:bucket":241,"minecraft:powered_rail":1,"minecraft:dripstone_block":1,"minecraft:oak_planks":957,"minecraft:porkchop":19,"minecraft:oak_sapling":44,"minecraft:flower_pot":5,"minecraft:sugar_cane":5,"minecraft:oak_trapdoor":6,"minecraft:observer":1,"minecraft:netherite_sword":148,"minecraft:shield":199,"minecraft:iron_pickaxe":473,"minecraft:andesite":12,"minecraft:dark_oak_log":2,"minecraft:tnt":3,"minecraft:oak_boat":6,"minecraft:iron_sword":230,"minecraft:open_eyeblossom":2,"minecraft:cherry_sapling":3,"minecraft:diamond_pickaxe":4380,"minecraft:cooked_mutton":15,"minecraft:bookshelf":11,"minecraft:ladder":12,"minecraft:light_gray_wool":3,"minecraft:piston":1,"minecraft:oxeye_daisy":1,"minecraft:diorite":9,"minecraft:redstone":10,"minecraft:oak_slab":21,"minecraft:wooden_pickaxe":19,"minecraft:diamond_leggings":10,"minecraft:pale_oak_planks":9,"minecraft:cobblestone":140,"minecraft:diamond_chestplate":6,"minecraft:hopper":10,"minecraft:carrot":1,"minecraft:crafting_table":21,"minecraft:note_block":7,"minecraft:netherite_chestplate":1,"minecraft:iron_chestplate":1,"minecraft:oak_fence_gate":8,"minecraft:white_bed":15,"minecraft:diamond_boots":7,"minecraft:netherite_helmet":5,"minecraft:baked_potato":72,"minecraft:apple":8,"minecraft:smoker":1,"minecraft:cherry_trapdoor":3,"minecraft:iron_hoe":1200,"minecraft:water_bucket":237,"minecraft:netherite_boots":3,"minecraft:netherite_leggings":3,"minecraft:golden_helmet":1,"minecraft:furnace":7,"minecraft:torch":3,"minecraft:bread":3,"minecraft:iron_boots":1,"minecraft:chicken":4,"minecraft:wooden_hoe":59,"minecraft:oak_button":1,"minecraft:bundle":15,"minecraft:gravel":4,"minecraft:white_wool":16,"minecraft:oak_stairs":42,"minecraft:cooked_beef":46,"minecraft:chest":21,"minecraft:iron_helmet":1,"minecraft:enchanting_table":4,"minecraft:beef":15},"minecraft:custom":{"minecraft:time_since_rest":29202,"minecraft:leave_game":20,"minecraft:damage_taken":18894,"minecraft:mob_kills":317,"minecraft:boat_one_cm":325435,"minecraft:time_since_death":111522,"minecraft:interact_with_furnace":130,"minecraft:interact_with_smithing_table":8,"minecraft:sleep_in_bed":38,"minecraft:happy_ghast_one_cm":10833487,"minecraft:swim_one_cm":285476,"minecraft:total_world_time":1383152,"minecraft:pot_flower":5,"minecraft:crouch_one_cm":285113,"minecraft:climb_one_cm":50622,"minecraft:deaths":35,"minecraft:player_kills":1,"minecraft:enchant_item":4,"minecraft:minecart_one_cm":58862,"minecraft:damage_blocked_by_shield":12384,"minecraft:interact_with_crafting_table":260,"minecraft:walk_one_cm":3951462,"minecraft:play_noteblock":6,"minecraft:walk_under_water_one_cm":217064,"minecraft:horse_one_cm":18507,"minecraft:damage_dealt":56036,"minecraft:play_time":1383152,"minecraft:jump":25419,"minecraft:play_record":9,"minecraft:drop":280,"minecraft:bell_ring":7,"minecraft:sprint_one_cm":2622640,"minecraft:open_chest":570,"minecraft:interact_with_smoker":13,"minecraft:fall_one_cm":726621,"minecraft:tune_noteblock":154,"minecraft:fly_one_cm":3572257,"minecraft:interact_with_anvil":4,"minecraft:walk_on_water_one_cm":311677,"minecraft:sneak_time":86826,"minecraft:interact_with_blast_furnace":6},"minecraft:picked_up":{"minecraft:poisonous_potato":17,"minecraft:enchanting_table":3,"minecraft:pale_oak_log":6,"minecraft:minecart":6,"minecraft:cobblestone":1370,"minecraft:glass":5,"minecraft:sugar_cane":24,"minecraft:redstone":50,"minecraft:bone":96,"minecraft:diamond_shovel":6,"minecraft:cooked_mutton":5,"minecraft:clay_ball":16,"minecraft:iron_sword":11,"minecraft:diamond":680,"minecraft:granite":43,"minecraft:emerald":25,"minecraft:crimson_roots":6,"minecraft:sugar":10,"minecraft:book":160,"minecraft:salmon":5,"minecraft:powered_rail":1,"minecraft:wildflowers":25,"minecraft:charcoal":3,"minecraft:spectral_arrow":63,"minecraft:bow":18,"minecraft:birch_boat":4,"minecraft:arrow":178,"minecraft:iron_ingot":438,"minecraft:lilac":2,"minecraft:dark_oak_planks":51,"minecraft:spruce_slab":4,"minecraft:dandelion":8,"minecraft:mutton":87,"minecraft:diamond_leggings":10,"minecraft:iron_chestplate":2,"minecraft:crying_obsidian":11,"minecraft:spruce_planks":4,"minecraft:polished_blackstone_bricks":9,"minecraft:dirt":3625,"minecraft:light_gray_carpet":3,"minecraft:open_eyeblossom":8,"minecraft:rail":3,"minecraft:diamond_helmet":10,"minecraft:iron_shovel":5,"minecraft:golden_boots":2,"minecraft:torch":46,"minecraft:diamond_pickaxe":24,"minecraft:dripstone_block":7,"minecraft:cherry_log":21,"minecraft:cobblestone_stairs":7,"minecraft:bread":3,"minecraft:spruce_log":1,"minecraft:iron_boots":1,"minecraft:oxeye_daisy":2,"minecraft:oak_stairs":78,"minecraft:coal":329,"minecraft:oak_log":719,"minecraft:music_disc_otherside":10,"minecraft:birch_planks":733,"minecraft:sand":18,"minecraft:furnace":8,"minecraft:oak_door":10,"minecraft:wheat_seeds":44,"minecraft:splash_potion":1,"minecraft:tnt":12,"minecraft:iron_pickaxe":12,"minecraft:weeping_vines":3,"minecraft:music_disc_13":1,"minecraft:quartz":104,"minecraft:egg":1,"minecraft:anvil":1,"minecraft:iron_leggings":2,"minecraft:diamond_sword":10,"minecraft:hopper":6,"minecraft:totem_of_undying":2,"minecraft:poppy":1,"minecraft:cooked_beef":27,"minecraft:white_wool":42,"minecraft:feather":11,"minecraft:potion":5,"minecraft:closed_eyeblossom":7,"minecraft:snowball":389,"minecraft:oak_button":1,"minecraft:andesite":39,"minecraft:oak_sign":3,"minecraft:diamond_hoe":7,"minecraft:ender_pearl":13,"minecraft:string":76,"minecraft:smithing_table":3,"minecraft:copper_ingot":1,"minecraft:obsidian":72,"minecraft:white_carpet":3,"minecraft:ladder":8,"minecraft:sandstone":6,"minecraft:iron_helmet":1,"minecraft:diamond_axe":15,"minecraft:soul_sand":19,"minecraft:enchanted_book":4,"minecraft:oak_fence_gate":6,"minecraft:carrot":2,"minecraft:flowering_azalea":3,"minecraft:white_bed":14,"minecraft:bucket":1,"minecraft:leather":237,"minecraft:netherite_boots":10,"minecraft:gold_nugget":636,"minecraft:pink_harness":1,"minecraft:lead":13,"minecraft:water_bucket":11,"minecraft:stone_pickaxe":3,"minecraft:gold_ingot":23,"minecraft:baked_potato":97,"minecraft:peony":3,"minecraft:glow_ink_sac":43,"minecraft:porkchop":41,"minecraft:oak_trapdoor":6,"minecraft:stick":363,"minecraft:painting":25,"minecraft:fire_charge":1,"minecraft:black_wool":1,"minecraft:chicken":5,"minecraft:diamond_boots":9,"minecraft:cooked_salmon":3,"minecraft:cooked_porkchop":5,"minecraft:iron_axe":5,"minecraft:grindstone":1,"minecraft:raw_iron":215,"minecraft:cobbled_deepslate":931,"minecraft:diamond_chestplate":9,"minecraft:pointed_dripstone":8,"minecraft:allium":2,"minecraft:mossy_cobblestone":4,"minecraft:nether_brick":7,"minecraft:netherite_leggings":10,"minecraft:wheat":4,"minecraft:gunpowder":2,"minecraft:chest":8,"minecraft:netherite_helmet":10,"minecraft:lectern":1,"minecraft:pink_petals":11,"minecraft:netherite_sword":8,"minecraft:blackstone":191,"minecraft:yellow_bed":2,"minecraft:pale_moss_carpet":4,"minecraft:cobbled_deepslate_slab":5,"minecraft:netherrack":1000,"minecraft:magma_block":10,"minecraft:note_block":5,"minecraft:gravel":138,"minecraft:light_gray_wool":3,"minecraft:pink_dye":1,"minecraft:tuff":70,"minecraft:leaf_litter":210,"minecraft:pale_oak_planks":8,"minecraft:potato":2286,"minecraft:birch_log":86,"minecraft:shield":22,"minecraft:compass":10,"minecraft:lapis_lazuli":154,"minecraft:spider_eye":13,"minecraft:dark_oak_log":6,"minecraft:diorite":51,"minecraft:oak_boat":9,"minecraft:flower_pot":6,"minecraft:pale_moss_block":11,"minecraft:cherry_sapling":3,"minecraft:oak_planks":4005,"minecraft:golden_helmet":1,"minecraft:netherite_scrap":5,"minecraft:crafting_table":13,"minecraft:netherite_chestplate":9,"minecraft:raw_copper":5,"minecraft:oak_sapling":121,"minecraft:bundle":1,"minecraft:beef":105,"minecraft:rotten_flesh":231,"minecraft:ancient_debris":46,"minecraft:apple":33,"minecraft:cobblestone_slab":17,"minecraft:cherry_trapdoor":1,"minecraft:glass_bottle":4,"minecraft:oak_slab":15,"minecraft:iron_nugget":181,"minecraft:jukebox":1,"minecraft:dried_ghast":5,"minecraft:paper":40,"minecraft:gray_wool":1},"minecraft:killed_by":{"minecraft:skeleton":4,"minecraft:player":4,"minecraft:creeper":1,"minecraft:warden":4,"minecraft:zombie":3},"minecraft:mined":{"minecraft:torch":6,"minecraft:note_block":5,"minecraft:oak_fence_gate":6,"minecraft:spruce_log":2,"minecraft:nether_quartz_ore":3,"minecraft:chest":8,"minecraft:oak_sign":3,"minecraft:netherrack":1785,"minecraft:spruce_sapling":1,"minecraft:weeping_vines_plant":2,"minecraft:cherry_trapdoor":1,"minecraft:spruce_planks":4,"minecraft:pale_hanging_moss":1,"minecraft:birch_log":87,"minecraft:oxeye_daisy":2,"minecraft:magma_block":13,"minecraft:obsidian":26,"minecraft:farmland":19,"minecraft:dark_oak_planks":28,"minecraft:tnt":6,"minecraft:sandstone":11,"minecraft:open_eyeblossom":4,"minecraft:blackstone":72,"minecraft:anvil":1,"minecraft:grindstone":1,"minecraft:birch_leaves":6,"minecraft:sculk_shrieker":29,"minecraft:potted_open_eyeblossom":1,"minecraft:diamond_ore":7,"minecraft:wall_torch":11,"minecraft:yellow_bed":2,"minecraft:fire":52,"minecraft:smithing_table":3,"minecraft:deepslate_diamond_ore":378,"minecraft:potatoes":298,"minecraft:pale_oak_trapdoor":1,"minecraft:dripstone_block":6,"minecraft:oak_sapling":1,"minecraft:azalea":1,"minecraft:iron_ore":80,"minecraft:pale_moss_block":2,"minecraft:glass_pane":9,"minecraft:dark_oak_log":3,"minecraft:dandelion":2,"minecraft:closed_eyeblossom":4,"minecraft:oak_planks":110,"minecraft:cobblestone":39,"minecraft:sugar_cane":7,"minecraft:oak_leaves":155,"minecraft:furnace":5,"minecraft:clay":4,"minecraft:powered_rail":1,"minecraft:crimson_roots":7,"minecraft:tall_grass":44,"minecraft:wildflowers":2,"minecraft:pointed_dripstone":3,"minecraft:emerald_ore":1,"minecraft:tall_seagrass":3,"minecraft:rail":2,"minecraft:cobbled_deepslate_slab":1,"minecraft:dirt":1474,"minecraft:crimson_fungus":2,"minecraft:hopper":6,"minecraft:pink_petals":6,"minecraft:ladder":3,"minecraft:basalt":1,"minecraft:deepslate":715,"minecraft:sand":34,"minecraft:snow":23,"minecraft:oak_log":686,"minecraft:infested_deepslate":1,"minecraft:lapis_ore":1,"minecraft:oak_door":8,"minecraft:cherry_log":21,"minecraft:sculk":11299,"minecraft:spawner":2,"minecraft:vine":1,"minecraft:oak_slab":11,"minecraft:lectern":1,"minecraft:gravel":40,"minecraft:short_grass":115,"minecraft:waxed_copper_grate":1,"minecraft:sculk_catalyst":49,"minecraft:dirt_path":74,"minecraft:cracked_polished_blackstone_bricks":10,"minecraft:crafting_table":12,"minecraft:flowering_azalea":1,"minecraft:leaf_litter":48,"minecraft:lilac":1,"minecraft:copper_ore":7,"minecraft:andesite":38,"minecraft:deepslate_gold_ore":1,"minecraft:jungle_stairs":1,"minecraft:poppy":1,"minecraft:deepslate_iron_ore":33,"minecraft:birch_planks":15,"minecraft:stone":897,"minecraft:granite":149,"minecraft:cobblestone_stairs":8,"minecraft:potted_closed_eyeblossom":3,"minecraft:bush":4,"minecraft:coal_ore":246,"minecraft:diorite":32,"minecraft:sculk_sensor":159,"minecraft:ancient_debris":46,"minecraft:oak_trapdoor":5,"minecraft:white_bed":13,"minecraft:light_gray_wool":3,"minecraft:sculk_vein":1001,"minecraft:bookshelf":20,"minecraft:white_carpet":7,"minecraft:crimson_nylium":2,"minecraft:powder_snow":19,"minecraft:snow_block":83,"minecraft:enchanting_table":2,"minecraft:polished_blackstone_bricks":35,"minecraft:oak_stairs":81,"minecraft:mossy_cobblestone":4,"minecraft:grass_block":954,"minecraft:cobweb":4,"minecraft:peony":3,"minecraft:spruce_leaves":4,"minecraft:cobbled_deepslate":20,"minecraft:white_wool":5,"minecraft:tuff":45,"minecraft:polished_tuff":1,"minecraft:tuff_bricks":7,"minecraft:light_gray_carpet":3,"minecraft:nether_gold_ore":163,"minecraft:spruce_slab":3,"minecraft:pale_oak_planks":6,"minecraft:cobblestone_slab":11,"minecraft:jukebox":1,"minecraft:potted_allium":1,"minecraft:redstone_wire":3},"minecraft:killed":{"minecraft:skeleton":51,"minecraft:pig":8,"minecraft:witch":2,"minecraft:piglin":2,"minecraft:vindicator":1,"minecraft:silverfish":1,"minecraft:spider":24,"minecraft:salmon":5,"minecraft:zombie":126,"minecraft:donkey":2,"minecraft:cave_spider":2,"minecraft:creeper":4,"minecraft:zombie_villager":1,"minecraft:chicken":5,"minecraft:enderman":1,"minecraft:hoglin":5,"minecraft:evoker":1,"minecraft:sheep":32,"minecraft:drowned":9,"minecraft:cow":31},"minecraft:dropped":{"minecraft:netherite_scrap":1,"minecraft:oak_planks":4,"minecraft:andesite":1,"minecraft:porkchop":6,"minecraft:magma_block":1,"minecraft:mossy_cobblestone":4,"minecraft:wheat":4,"minecraft:nether_brick":4,"minecraft:oak_boat":1,"minecraft:oxeye_daisy":1,"minecraft:crimson_roots":6,"minecraft:gravel":108,"minecraft:cobbled_deepslate":10,"minecraft:bone":9,"minecraft:glass":1,"minecraft:egg":1,"minecraft:sugar_cane":4,"minecraft:wheat_seeds":33,"minecraft:iron_ingot":1,"minecraft:blackstone":43,"minecraft:enchanted_book":1,"minecraft:iron_nugget":24,"minecraft:stone_pickaxe":3,"minecraft:netherite_ingot":2,"minecraft:spruce_slab":4,"minecraft:oak_sapling":6,"minecraft:soul_sand":19,"minecraft:filled_map":2,"minecraft:copper_ingot":1,"minecraft:redstone":8,"minecraft:oak_log":60,"minecraft:diamond_pickaxe":5,"minecraft:tuff":15,"minecraft:dandelion":4,"minecraft:string":4,"minecraft:oak_sign":3,"minecraft:stick":57,"minecraft:arrow":14,"minecraft:cooked_salmon":1,"minecraft:spider_eye":3,"minecraft:gold_ingot":22,"minecraft:diamond_hoe":1,"minecraft:oak_door":5,"minecraft:snowball":1,"minecraft:ladder":2,"minecraft:diorite":2,"minecraft:rotten_flesh":58,"minecraft:sandstone":6,"minecraft:torch":31,"minecraft:cobblestone_stairs":7,"minecraft:bow":1,"minecraft:dried_ghast":2,"minecraft:potion":1,"minecraft:white_wool":4,"minecraft:dirt":380,"minecraft:weeping_vines":3,"minecraft:leather":13,"minecraft:granite":5,"minecraft:note_block":1,"minecraft:cobbled_deepslate_slab":3,"minecraft:feather":1,"minecraft:peony":2,"minecraft:potato":24,"minecraft:glass_bottle":2,"minecraft:wildflowers":27,"minecraft:crying_obsidian":1,"minecraft:leaf_litter":122,"minecraft:chicken":1,"minecraft:oak_stairs":64,"minecraft:iron_sword":1,"minecraft:pink_petals":3,"minecraft:oak_trapdoor":1,"minecraft:gold_nugget":2,"minecraft:netherrack":24,"minecraft:mutton":1,"minecraft:glow_ink_sac":15},"minecraft:broken":{"minecraft:diamond_shovel":1,"minecraft:wooden_hoe":1,"minecraft:iron_axe":1,"minecraft:iron_hoe":4,"minecraft:iron_shovel":2,"minecraft:diamond_pickaxe":1,"minecraft:diamond_hoe":7}},"DataVersion":4440}