{"stats":{"minecraft:used":{"minecraft:oak_trapdoor":4,"minecraft:iron_axe":429,"minecraft:diamond_helmet":3,"minecraft:shield":136,"minecraft:iron_pickaxe":473,"minecraft:andesite":12,"minecraft:diamond_sword":317,"minecraft:dark_oak_log":2,"minecraft:potato":75,"minecraft:tnt":3,"minecraft:oak_boat":6,"minecraft:iron_sword":210,"minecraft:open_eyeblossom":1,"minecraft:cherry_sapling":3,"minecraft:wooden_axe":6,"minecraft:diamond_pickaxe":1129,"minecraft:cooked_mutton":12,"minecraft:salmon":4,"minecraft:ladder":11,"minecraft:light_gray_wool":3,"minecraft:granite":10,"minecraft:iron_shovel":530,"minecraft:diorite":6,"minecraft:wooden_pickaxe":19,"minecraft:diamond_leggings":5,"minecraft:pale_oak_planks":9,"minecraft:cobblestone":117,"minecraft:diamond_chestplate":4,"minecraft:grindstone":1,"minecraft:carrot":1,"minecraft:crafting_table":17,"minecraft:white_carpet":1,"minecraft:note_block":1,"minecraft:iron_chestplate":1,"minecraft:white_bed":6,"minecraft:stone_pickaxe":134,"minecraft:bow":38,"minecraft:oak_door":2,"minecraft:diamond_boots":4,"minecraft:baked_potato":2,"minecraft:iron_leggings":1,"minecraft:cobbled_deepslate":167,"minecraft:yellow_bed":1,"minecraft:cherry_trapdoor":3,"minecraft:pale_oak_trapdoor":1,"minecraft:birch_planks":5,"minecraft:iron_hoe":200,"minecraft:rotten_flesh":17,"minecraft:water_bucket":44,"minecraft:dark_oak_planks":31,"minecraft:furnace":7,"minecraft:mutton":7,"minecraft:torch":2,"minecraft:bread":3,"minecraft:dirt":308,"minecraft:iron_boots":1,"minecraft:cooked_salmon":1,"minecraft:chicken":3,"minecraft:wooden_hoe":59,"minecraft:gravel":4,"minecraft:white_wool":11,"minecraft:cooked_cod":6,"minecraft:gray_wool":1,"minecraft:oak_stairs":4,"minecraft:cooked_beef":33,"minecraft:bucket":45,"minecraft:chest":7,"minecraft:iron_helmet":1,"minecraft:dripstone_block":1,"minecraft:enchanting_table":1,"minecraft:beef":9,"minecraft:oak_planks":260,"minecraft:porkchop":5,"minecraft:oak_sapling":44},"minecraft:crafted":{"minecraft:wooden_axe":1,"minecraft:diamond_boots":4,"minecraft:note_block":1,"minecraft:birch_planks":44,"minecraft:stone_pickaxe":2,"minecraft:cooked_mutton":27,"minecraft:iron_chestplate":1,"minecraft:iron_boots":1,"minecraft:stick":180,"minecraft:charcoal":12,"minecraft:wooden_pickaxe":1,"minecraft:cooked_beef":33,"minecraft:oak_door":3,"minecraft:cherry_planks":64,"minecraft:brick":12,"minecraft:iron_helmet":1,"minecraft:diamond_pickaxe":4,"minecraft:chest":5,"minecraft:bookshelf":4,"minecraft:diamond_chestplate":4,"minecraft:diamond_sword":4,"minecraft:air":0,"minecraft:bow":1,"minecraft:cherry_trapdoor":2,"minecraft:bucket":2,"minecraft:furnace":5,"minecraft:oak_boat":1,"minecraft:ladder":6,"minecraft:pale_oak_planks":248,"minecraft:oak_stairs":4,"minecraft:dark_oak_planks":4,"minecraft:iron_ingot":84,"minecraft:pale_oak_trapdoor":2,"minecraft:diamond_helmet":4,"minecraft:crafting_table":8,"minecraft:iron_hoe":1,"minecraft:diamond_leggings":3,"minecraft:white_bed":2,"minecraft:wooden_hoe":1,"minecraft:shield":5,"minecraft:oak_planks":1208,"minecraft:enchanting_table":1,"minecraft:iron_pickaxe":5,"minecraft:iron_shovel":3,"minecraft:iron_sword":3,"minecraft:iron_axe":3,"minecraft:iron_leggings":1},"minecraft:picked_up":{"minecraft:enchanting_table":1,"minecraft:pale_oak_log":6,"minecraft:cobblestone":650,"minecraft:redstone":16,"minecraft:bone":41,"minecraft:cooked_mutton":5,"minecraft:clay_ball":12,"minecraft:iron_sword":7,"minecraft:diamond":451,"minecraft:granite":14,"minecraft:emerald":15,"minecraft:book":127,"minecraft:salmon":4,"minecraft:wildflowers":2,"minecraft:charcoal":3,"minecraft:bow":6,"minecraft:arrow":58,"minecraft:iron_ingot":261,"minecraft:dark_oak_planks":51,"minecraft:mutton":60,"minecraft:diamond_leggings":5,"minecraft:dirt":486,"minecraft:light_gray_carpet":3,"minecraft:open_eyeblossom":4,"minecraft:diamond_helmet":4,"minecraft:torch":5,"minecraft:diamond_pickaxe":5,"minecraft:dripstone_block":1,"minecraft:cherry_log":21,"minecraft:bread":3,"minecraft:spruce_log":1,"minecraft:oxeye_daisy":1,"minecraft:oak_stairs":1,"minecraft:coal":203,"minecraft:oak_log":314,"minecraft:birch_planks":11,"minecraft:sand":6,"minecraft:furnace":8,"minecraft:wheat_seeds":18,"minecraft:tnt":12,"minecraft:iron_pickaxe":8,"minecraft:music_disc_13":1,"minecraft:diamond_sword":4,"minecraft:totem_of_undying":2,"minecraft:cooked_beef":27,"minecraft:white_wool":31,"minecraft:feather":8,"minecraft:closed_eyeblossom":4,"minecraft:andesite":36,"minecraft:string":50,"minecraft:copper_ingot":1,"minecraft:obsidian":16,"minecraft:white_carpet":3,"minecraft:ladder":6,"minecraft:sandstone":6,"minecraft:carrot":2,"minecraft:white_bed":6,"minecraft:leather":28,"minecraft:water_bucket":4,"minecraft:stone_pickaxe":2,"minecraft:baked_potato":2,"minecraft:glow_ink_sac":5,"minecraft:porkchop":6,"minecraft:oak_trapdoor":4,"minecraft:stick":190,"minecraft:chicken":3,"minecraft:diamond_boots":4,"minecraft:cooked_salmon":3,"minecraft:iron_axe":5,"minecraft:grindstone":1,"minecraft:raw_iron":88,"minecraft:cobbled_deepslate":462,"minecraft:diamond_chestplate":4,"minecraft:pointed_dripstone":1,"minecraft:allium":2,"minecraft:wheat":4,"minecraft:gunpowder":2,"minecraft:chest":2,"minecraft:pink_petals":11,"minecraft:yellow_bed":1,"minecraft:pale_moss_carpet":4,"minecraft:gravel":7,"minecraft:light_gray_wool":3,"minecraft:tuff":25,"minecraft:leaf_litter":49,"minecraft:pale_oak_planks":8,"minecraft:potato":96,"minecraft:birch_log":11,"minecraft:shield":7,"minecraft:lapis_lazuli":6,"minecraft:spider_eye":6,"minecraft:dark_oak_log":6,"minecraft:diorite":8,"minecraft:oak_boat":9,"minecraft:flower_pot":2,"minecraft:pale_moss_block":11,"minecraft:cherry_sapling":3,"minecraft:oak_planks":985,"minecraft:crafting_table":13,"minecraft:raw_copper":5,"minecraft:oak_sapling":51,"minecraft:bundle":1,"minecraft:beef":56,"minecraft:rotten_flesh":60,"minecraft:apple":4,"minecraft:cherry_trapdoor":1,"minecraft:glass_bottle":4,"minecraft:paper":40,"minecraft:gray_wool":1},"minecraft:killed":{"minecraft:skeleton":29,"minecraft:pig":3,"minecraft:witch":1,"minecraft:vindicator":1,"minecraft:silverfish":1,"minecraft:spider":13,"minecraft:salmon":4,"minecraft:donkey":2,"minecraft:zombie":55,"minecraft:cave_spider":2,"minecraft:creeper":2,"minecraft:chicken":3,"minecraft:evoker":1,"minecraft:sheep":24,"minecraft:drowned":8,"minecraft:cow":21},"minecraft:killed_by":{"minecraft:skeleton":4,"minecraft:player":2,"minecraft:creeper":1,"minecraft:warden":1,"minecraft:zombie":2},"minecraft:mined":{"minecraft:cherry_log":21,"minecraft:sculk":11,"minecraft:spawner":2,"minecraft:spruce_log":1,"minecraft:chest":2,"minecraft:spruce_sapling":1,"minecraft:gravel":15,"minecraft:short_grass":52,"minecraft:waxed_copper_grate":1,"minecraft:sculk_catalyst":1,"minecraft:cherry_trapdoor":1,"minecraft:dirt_path":6,"minecraft:crafting_table":12,"minecraft:pale_hanging_moss":1,"minecraft:birch_log":11,"minecraft:leaf_litter":20,"minecraft:oxeye_daisy":1,"minecraft:obsidian":8,"minecraft:farmland":19,"minecraft:dark_oak_planks":28,"minecraft:copper_ore":3,"minecraft:tnt":6,"minecraft:sandstone":11,"minecraft:open_eyeblossom":3,"minecraft:grindstone":1,"minecraft:birch_leaves":5,"minecraft:andesite":36,"minecraft:sculk_shrieker":23,"minecraft:deepslate_gold_ore":1,"minecraft:jungle_stairs":1,"minecraft:yellow_bed":1,"minecraft:fire":1,"minecraft:deepslate_diamond_ore":280,"minecraft:deepslate_iron_ore":25,"minecraft:potatoes":25,"minecraft:dripstone_block":3,"minecraft:birch_planks":11,"minecraft:iron_ore":33,"minecraft:stone":537,"minecraft:pale_moss_block":2,"minecraft:glass_pane":7,"minecraft:dark_oak_log":3,"minecraft:granite":16,"minecraft:dandelion":1,"minecraft:closed_eyeblossom":4,"minecraft:coal_ore":167,"minecraft:diorite":8,"minecraft:sculk_sensor":6,"minecraft:oak_planks":12,"minecraft:cobblestone":7,"minecraft:oak_trapdoor":4,"minecraft:white_bed":5,"minecraft:oak_leaves":81,"minecraft:furnace":5,"minecraft:clay":3,"minecraft:light_gray_wool":3,"minecraft:bookshelf":10,"minecraft:white_carpet":7,"minecraft:powder_snow":18,"minecraft:tall_grass":23,"minecraft:wildflowers":1,"minecraft:pointed_dripstone":1,"minecraft:emerald_ore":1,"minecraft:tall_seagrass":3,"minecraft:oak_stairs":1,"minecraft:dirt":426,"minecraft:grass_block":258,"minecraft:cobweb":4,"minecraft:pink_petals":5,"minecraft:spruce_leaves":4,"minecraft:cobbled_deepslate":8,"minecraft:white_wool":4,"minecraft:tuff":30,"minecraft:polished_tuff":1,"minecraft:tuff_bricks":7,"minecraft:light_gray_carpet":3,"minecraft:ladder":3,"minecraft:deepslate":499,"minecraft:sand":25,"minecraft:pale_oak_planks":6,"minecraft:potted_allium":1,"minecraft:oak_log":309,"minecraft:infested_deepslate":1,"minecraft:lapis_ore":1},"minecraft:custom":{"minecraft:time_since_rest":58,"minecraft:leave_game":6,"minecraft:damage_taken":8377,"minecraft:mob_kills":174,"minecraft:boat_one_cm":321171,"minecraft:time_since_death":27,"minecraft:interact_with_furnace":57,"minecraft:sleep_in_bed":20,"minecraft:swim_one_cm":145956,"minecraft:total_world_time":581056,"minecraft:crouch_one_cm":155795,"minecraft:climb_one_cm":19495,"minecraft:deaths":17,"minecraft:enchant_item":2,"minecraft:damage_blocked_by_shield":8416,"minecraft:interact_with_crafting_table":97,"minecraft:walk_one_cm":1512444,"minecraft:walk_under_water_one_cm":109283,"minecraft:horse_one_cm":9156,"minecraft:damage_dealt":28753,"minecraft:play_time":581056,"minecraft:jump":11638,"minecraft:drop":108,"minecraft:sprint_one_cm":1319643,"minecraft:open_chest":124,"minecraft:interact_with_smoker":1,"minecraft:fall_one_cm":339137,"minecraft:tune_noteblock":64,"minecraft:fly_one_cm":1633042,"minecraft:walk_on_water_one_cm":143758,"minecraft:sneak_time":44341,"minecraft:interact_with_blast_furnace":4},"minecraft:broken":{"minecraft:wooden_hoe":1,"minecraft:iron_axe":1,"minecraft:iron_shovel":2},"minecraft:dropped":{"minecraft:rotten_flesh":14,"minecraft:sandstone":6,"minecraft:wheat":4,"minecraft:oak_boat":1,"minecraft:oxeye_daisy":1,"minecraft:white_wool":1,"minecraft:dirt":40,"minecraft:leather":3,"minecraft:wheat_seeds":12,"minecraft:granite":4,"minecraft:stone_pickaxe":2,"minecraft:oak_sapling":5,"minecraft:filled_map":2,"minecraft:wildflowers":2,"minecraft:copper_ingot":1,"minecraft:redstone":7,"minecraft:diamond_pickaxe":1,"minecraft:leaf_litter":42,"minecraft:iron_sword":1,"minecraft:stick":33,"minecraft:pink_petals":3,"minecraft:arrow":13,"minecraft:cooked_salmon":1,"minecraft:spider_eye":1,"minecraft:oak_door":1,"minecraft:mutton":1,"minecraft:ladder":1,"minecraft:glow_ink_sac":5}},"DataVersion":4440}