{"stats":{"minecraft:used":{"minecraft:cobbled_deepslate":13,"minecraft:diamond_helmet":1,"minecraft:yellow_bed":1,"minecraft:shield":42,"minecraft:iron_pickaxe":154,"minecraft:pale_oak_trapdoor":1,"minecraft:iron_sword":92,"minecraft:rotten_flesh":6,"minecraft:birch_planks":5,"minecraft:water_bucket":3,"minecraft:cooked_mutton":5,"minecraft:ladder":2,"minecraft:furnace":2,"minecraft:granite":1,"minecraft:dirt":22,"minecraft:diamond_leggings":1,"minecraft:pale_oak_planks":9,"minecraft:white_wool":2,"minecraft:cobblestone":26,"minecraft:diamond_chestplate":1,"minecraft:cooked_beef":3,"minecraft:bucket":3,"minecraft:crafting_table":4,"minecraft:chest":2,"minecraft:white_bed":2,"minecraft:stone_pickaxe":86,"minecraft:diamond_boots":1},"minecraft:crafted":{"minecraft:bucket":1,"minecraft:furnace":2,"minecraft:ladder":3,"minecraft:pale_oak_planks":248,"minecraft:diamond_boots":1,"minecraft:iron_ingot":19,"minecraft:pale_oak_trapdoor":2,"minecraft:birch_planks":44,"minecraft:diamond_helmet":1,"minecraft:stone_pickaxe":1,"minecraft:cooked_mutton":9,"minecraft:crafting_table":2,"minecraft:diamond_leggings":1,"minecraft:stick":52,"minecraft:charcoal":1,"minecraft:cooked_beef":3,"minecraft:shield":2,"minecraft:chest":2,"minecraft:diamond_pickaxe":1,"minecraft:diamond_chestplate":1,"minecraft:iron_pickaxe":2,"minecraft:diamond_sword":1,"minecraft:iron_sword":2,"minecraft:air":0},"minecraft:picked_up":{"minecraft:yellow_bed":1,"minecraft:dirt":31,"minecraft:cobblestone":27,"minecraft:white_bed":2,"minecraft:bone":4,"minecraft:oxeye_daisy":1,"minecraft:leaf_litter":3,"minecraft:coal":33,"minecraft:pale_oak_planks":8,"minecraft:furnace":1,"minecraft:birch_planks":11,"minecraft:birch_log":11,"minecraft:baked_potato":2,"minecraft:diamond":78,"minecraft:iron_sword":1,"minecraft:granite":1,"minecraft:spider_eye":2,"minecraft:glow_ink_sac":5,"minecraft:white_wool":7,"minecraft:closed_eyeblossom":4,"minecraft:crafting_table":3,"minecraft:arrow":4,"minecraft:oak_sapling":1,"minecraft:rotten_flesh":10,"minecraft:raw_iron":19,"minecraft:cobbled_deepslate":93,"minecraft:string":5,"minecraft:mutton":10,"minecraft:gunpowder":2,"minecraft:gray_wool":1},"minecraft:killed":{"minecraft:zombie":9,"minecraft:skeleton":5,"minecraft:creeper":1,"minecraft:sheep":7,"minecraft:silverfish":1,"minecraft:spider":5},"minecraft:killed_by":{"minecraft:skeleton":1,"minecraft:player":1},"minecraft:mined":{"minecraft:pale_moss_block":2,"minecraft:sculk":2,"minecraft:granite":1,"minecraft:dirt":20,"minecraft:closed_eyeblossom":4,"minecraft:birch_leaves":1,"minecraft:coal_ore":33,"minecraft:grass_block":11,"minecraft:white_bed":2,"minecraft:white_wool":1,"minecraft:short_grass":3,"minecraft:deepslate":77,"minecraft:yellow_bed":1,"minecraft:pale_oak_planks":6,"minecraft:furnace":1,"minecraft:deepslate_diamond_ore":78,"minecraft:deepslate_iron_ore":13,"minecraft:crafting_table":3,"minecraft:birch_log":11,"minecraft:oxeye_daisy":1,"minecraft:birch_planks":11,"minecraft:iron_ore":6,"minecraft:stone":28},"minecraft:custom":{"minecraft:time_since_rest":50910,"minecraft:leave_game":2,"minecraft:damage_taken":998,"minecraft:mob_kills":29,"minecraft:time_since_death":50829,"minecraft:interact_with_furnace":20,"minecraft:sleep_in_bed":3,"minecraft:total_world_time":86889,"minecraft:swim_one_cm":1044,"minecraft:crouch_one_cm":12196,"minecraft:deaths":2,"minecraft:climb_one_cm":2009,"minecraft:damage_blocked_by_shield":2604,"minecraft:interact_with_crafting_table":26,"minecraft:walk_one_cm":268974,"minecraft:walk_under_water_one_cm":18420,"minecraft:play_time":86889,"minecraft:damage_dealt":4667,"minecraft:jump":2149,"minecraft:drop":14,"minecraft:sprint_one_cm":174231,"minecraft:open_chest":17,"minecraft:fall_one_cm":52566,"minecraft:fly_one_cm":324859,"minecraft:walk_on_water_one_cm":27697,"minecraft:sneak_time":3750},"minecraft:dropped":{"minecraft:spider_eye":1,"minecraft:oxeye_daisy":1,"minecraft:leaf_litter":3,"minecraft:mutton":1,"minecraft:iron_sword":1,"minecraft:dirt":1,"minecraft:oak_sapling":1,"minecraft:glow_ink_sac":5}},"DataVersion":4440}