{"stats":{"minecraft:crafted":{"minecraft:furnace":1,"minecraft:pale_oak_planks":248,"minecraft:iron_ingot":12,"minecraft:birch_planks":44,"minecraft:stone_pickaxe":1,"minecraft:crafting_table":1,"minecraft:stick":8,"minecraft:charcoal":1,"minecraft:cooked_beef":3,"minecraft:shield":2,"minecraft:iron_pickaxe":2,"minecraft:iron_sword":2,"minecraft:air":0},"minecraft:killed":{"minecraft:zombie":5,"minecraft:skeleton":4,"minecraft:creeper":1,"minecraft:sheep":1,"minecraft:spider":5},"minecraft:picked_up":{"minecraft:yellow_bed":1,"minecraft:dirt":24,"minecraft:cobblestone":27,"minecraft:white_bed":1,"minecraft:bone":4,"minecraft:oxeye_daisy":1,"minecraft:leaf_litter":3,"minecraft:coal":33,"minecraft:furnace":1,"minecraft:birch_planks":11,"minecraft:birch_log":11,"minecraft:diamond":49,"minecraft:granite":1,"minecraft:spider_eye":2,"minecraft:white_wool":2,"minecraft:closed_eyeblossom":4,"minecraft:crafting_table":2,"minecraft:arrow":4,"minecraft:oak_sapling":1,"minecraft:rotten_flesh":6,"minecraft:raw_iron":12,"minecraft:cobbled_deepslate":54,"minecraft:string":5,"minecraft:mutton":1,"minecraft:gunpowder":2},"minecraft:dropped":{"minecraft:oxeye_daisy":1,"minecraft:leaf_litter":3,"minecraft:mutton":1,"minecraft:dirt":1,"minecraft:oak_sapling":1},"minecraft:custom":{"minecraft:time_since_rest":19003,"minecraft:leave_game":1,"minecraft:damage_taken":706,"minecraft:mob_kills":16,"minecraft:time_since_death":18922,"minecraft:interact_with_furnace":11,"minecraft:sleep_in_bed":3,"minecraft:total_world_time":54982,"minecraft:swim_one_cm":1044,"minecraft:crouch_one_cm":10454,"minecraft:deaths":2,"minecraft:damage_blocked_by_shield":1536,"minecraft:interact_with_crafting_table":12,"minecraft:walk_one_cm":160121,"minecraft:walk_under_water_one_cm":11553,"minecraft:play_time":54982,"minecraft:damage_dealt":2971,"minecraft:jump":1379,"minecraft:drop":7,"minecraft:sprint_one_cm":120288,"minecraft:open_chest":10,"minecraft:fall_one_cm":36046,"minecraft:fly_one_cm":220971,"minecraft:walk_on_water_one_cm":16961,"minecraft:sneak_time":2905},"minecraft:used":{"minecraft:cobbled_deepslate":8,"minecraft:yellow_bed":1,"minecraft:shield":28,"minecraft:iron_pickaxe":92,"minecraft:white_wool":2,"minecraft:iron_sword":55,"minecraft:cobblestone":11,"minecraft:rotten_flesh":6,"minecraft:birch_planks":5,"minecraft:cooked_beef":2,"minecraft:crafting_table":2,"minecraft:furnace":1,"minecraft:granite":1,"minecraft:white_bed":1,"minecraft:stone_pickaxe":86,"minecraft:dirt":14},"minecraft:mined":{"minecraft:pale_moss_block":2,"minecraft:granite":1,"minecraft:dirt":14,"minecraft:closed_eyeblossom":4,"minecraft:birch_leaves":1,"minecraft:coal_ore":33,"minecraft:grass_block":10,"minecraft:white_bed":1,"minecraft:white_wool":1,"minecraft:short_grass":2,"minecraft:deepslate":53,"minecraft:yellow_bed":1,"minecraft:furnace":1,"minecraft:deepslate_diamond_ore":49,"minecraft:deepslate_iron_ore":6,"minecraft:crafting_table":2,"minecraft:birch_log":11,"minecraft:oxeye_daisy":1,"minecraft:birch_planks":11,"minecraft:iron_ore":6,"minecraft:stone":28},"minecraft:killed_by":{"minecraft:skeleton":1,"minecraft:player":1}},"DataVersion":4440}