{"stats":{"minecraft:used":{"minecraft:yellow_bed":1,"minecraft:stone_pickaxe":6,"minecraft:dirt":2,"minecraft:white_wool":1,"minecraft:iron_sword":4,"minecraft:cobblestone":1},"minecraft:picked_up":{"minecraft:yellow_bed":1,"minecraft:oxeye_daisy":1,"minecraft:leaf_litter":3,"minecraft:dirt":6,"minecraft:cobblestone":1,"minecraft:white_wool":1,"minecraft:birch_log":11,"minecraft:closed_eyeblossom":4,"minecraft:mutton":1,"minecraft:oak_sapling":1,"minecraft:cobbled_deepslate":1,"minecraft:raw_iron":4},"minecraft:killed":{"minecraft:zombie":1,"minecraft:sheep":1},"minecraft:killed_by":{"minecraft:player":1},"minecraft:mined":{"minecraft:short_grass":2,"minecraft:pale_moss_block":2,"minecraft:deepslate":1,"minecraft:yellow_bed":1,"minecraft:dirt":1,"minecraft:deepslate_iron_ore":4,"minecraft:oxeye_daisy":1,"minecraft:closed_eyeblossom":4,"minecraft:birch_log":11,"minecraft:birch_leaves":1,"minecraft:grass_block":5,"minecraft:stone":1},"minecraft:custom":{"minecraft:time_since_rest":2895,"minecraft:walk_one_cm":30670,"minecraft:walk_under_water_one_cm":3399,"minecraft:mob_kills":2,"minecraft:damage_taken":250,"minecraft:play_time":12000,"minecraft:damage_dealt":273,"minecraft:jump":382,"minecraft:time_since_death":3966,"minecraft:drop":7,"minecraft:sprint_one_cm":39218,"minecraft:open_chest":4,"minecraft:sleep_in_bed":3,"minecraft:fall_one_cm":11054,"minecraft:total_world_time":12000,"minecraft:swim_one_cm":1044,"minecraft:fly_one_cm":71726,"minecraft:walk_on_water_one_cm":3159,"minecraft:crouch_one_cm":3387,"minecraft:sneak_time":868,"minecraft:deaths":1},"minecraft:dropped":{"minecraft:oxeye_daisy":1,"minecraft:leaf_litter":3,"minecraft:mutton":1,"minecraft:dirt":1,"minecraft:oak_sapling":1}},"DataVersion":4440}