{"stats":{"minecraft:crafted":{"minecraft:furnace":1,"minecraft:pale_oak_planks":248,"minecraft:iron_ingot":12,"minecraft:birch_planks":44,"minecraft:stone_pickaxe":1,"minecraft:crafting_table":1,"minecraft:stick":8,"minecraft:charcoal":1,"minecraft:cooked_beef":3,"minecraft:shield":2,"minecraft:iron_pickaxe":2,"minecraft:iron_sword":2,"minecraft:air":0},"minecraft:killed":{"minecraft:zombie":5,"minecraft:skeleton":5,"minecraft:creeper":1,"minecraft:sheep":1,"minecraft:spider":5},"minecraft:picked_up":{"minecraft:yellow_bed":1,"minecraft:dirt":24,"minecraft:cobblestone":27,"minecraft:white_bed":1,"minecraft:bone":4,"minecraft:oxeye_daisy":1,"minecraft:leaf_litter":3,"minecraft:coal":33,"minecraft:furnace":1,"minecraft:birch_planks":11,"minecraft:birch_log":11,"minecraft:diamond":74,"minecraft:iron_sword":1,"minecraft:granite":1,"minecraft:spider_eye":2,"minecraft:white_wool":2,"minecraft:closed_eyeblossom":4,"minecraft:crafting_table":2,"minecraft:arrow":4,"minecraft:oak_sapling":1,"minecraft:rotten_flesh":6,"minecraft:raw_iron":19,"minecraft:cobbled_deepslate":81,"minecraft:string":5,"minecraft:mutton":1,"minecraft:gunpowder":2},"minecraft:dropped":{"minecraft:spider_eye":1,"minecraft:oxeye_daisy":1,"minecraft:leaf_litter":3,"minecraft:mutton":1,"minecraft:iron_sword":1,"minecraft:dirt":1,"minecraft:oak_sapling":1},"minecraft:custom":{"minecraft:time_since_rest":31003,"minecraft:leave_game":1,"minecraft:damage_taken":831,"minecraft:mob_kills":18,"minecraft:time_since_death":30922,"minecraft:interact_with_furnace":11,"minecraft:sleep_in_bed":3,"minecraft:total_world_time":66982,"minecraft:swim_one_cm":1044,"minecraft:crouch_one_cm":10496,"minecraft:deaths":2,"minecraft:damage_blocked_by_shield":2270,"minecraft:interact_with_crafting_table":12,"minecraft:walk_one_cm":191896,"minecraft:walk_under_water_one_cm":13199,"minecraft:play_time":66982,"minecraft:damage_dealt":3231,"minecraft:jump":1823,"minecraft:drop":9,"minecraft:sprint_one_cm":164002,"minecraft:open_chest":10,"minecraft:fall_one_cm":47720,"minecraft:fly_one_cm":303956,"minecraft:walk_on_water_one_cm":22564,"minecraft:sneak_time":2958},"minecraft:used":{"minecraft:cobbled_deepslate":12,"minecraft:yellow_bed":1,"minecraft:shield":32,"minecraft:iron_pickaxe":139,"minecraft:white_wool":2,"minecraft:iron_sword":60,"minecraft:cobblestone":24,"minecraft:rotten_flesh":6,"minecraft:birch_planks":5,"minecraft:cooked_beef":3,"minecraft:crafting_table":2,"minecraft:furnace":1,"minecraft:granite":1,"minecraft:white_bed":1,"minecraft:stone_pickaxe":86,"minecraft:dirt":14},"minecraft:mined":{"minecraft:pale_moss_block":2,"minecraft:granite":1,"minecraft:dirt":14,"minecraft:closed_eyeblossom":4,"minecraft:birch_leaves":1,"minecraft:coal_ore":33,"minecraft:grass_block":10,"minecraft:white_bed":1,"minecraft:white_wool":1,"minecraft:short_grass":2,"minecraft:deepslate":68,"minecraft:yellow_bed":1,"minecraft:furnace":1,"minecraft:deepslate_diamond_ore":74,"minecraft:deepslate_iron_ore":13,"minecraft:crafting_table":2,"minecraft:birch_log":11,"minecraft:oxeye_daisy":1,"minecraft:birch_planks":11,"minecraft:iron_ore":6,"minecraft:stone":28},"minecraft:killed_by":{"minecraft:skeleton":1,"minecraft:player":1}},"DataVersion":4440}