{"stats":{"minecraft:used":{"minecraft:iron_axe":255,"minecraft:baked_potato":2,"minecraft:cobbled_deepslate":88,"minecraft:diamond_helmet":1,"minecraft:yellow_bed":1,"minecraft:shield":68,"minecraft:iron_pickaxe":260,"minecraft:andesite":12,"minecraft:diamond_sword":40,"minecraft:pale_oak_trapdoor":1,"minecraft:iron_sword":114,"minecraft:birch_planks":5,"minecraft:rotten_flesh":9,"minecraft:water_bucket":9,"minecraft:diamond_pickaxe":489,"minecraft:cooked_mutton":9,"minecraft:ladder":3,"minecraft:furnace":3,"minecraft:granite":10,"minecraft:dirt":24,"minecraft:diorite":6,"minecraft:diamond_leggings":3,"minecraft:white_wool":2,"minecraft:pale_oak_planks":9,"minecraft:cobblestone":71,"minecraft:diamond_chestplate":2,"minecraft:gray_wool":1,"minecraft:cooked_beef":3,"minecraft:bucket":10,"minecraft:crafting_table":5,"minecraft:chest":2,"minecraft:dripstone_block":1,"minecraft:oak_planks":55,"minecraft:oak_sapling":44,"minecraft:white_bed":2,"minecraft:stone_pickaxe":86,"minecraft:bow":33,"minecraft:diamond_boots":2},"minecraft:crafted":{"minecraft:diamond_boots":2,"minecraft:birch_planks":44,"minecraft:stone_pickaxe":1,"minecraft:cooked_mutton":9,"minecraft:stick":60,"minecraft:charcoal":1,"minecraft:cooked_beef":3,"minecraft:diamond_pickaxe":2,"minecraft:chest":2,"minecraft:bookshelf":4,"minecraft:diamond_chestplate":2,"minecraft:diamond_sword":2,"minecraft:air":0,"minecraft:bow":1,"minecraft:bucket":2,"minecraft:furnace":3,"minecraft:ladder":3,"minecraft:pale_oak_planks":248,"minecraft:iron_ingot":20,"minecraft:pale_oak_trapdoor":2,"minecraft:diamond_helmet":2,"minecraft:crafting_table":3,"minecraft:diamond_leggings":1,"minecraft:shield":3,"minecraft:oak_planks":868,"minecraft:iron_pickaxe":2,"minecraft:iron_sword":2,"minecraft:iron_axe":1},"minecraft:picked_up":{"minecraft:enchanting_table":1,"minecraft:cobblestone":305,"minecraft:white_bed":2,"minecraft:bone":6,"minecraft:water_bucket":1,"minecraft:stone_pickaxe":1,"minecraft:cooked_mutton":1,"minecraft:baked_potato":2,"minecraft:diamond":233,"minecraft:iron_sword":3,"minecraft:granite":10,"minecraft:glow_ink_sac":5,"minecraft:book":62,"minecraft:stick":37,"minecraft:diamond_boots":1,"minecraft:bow":1,"minecraft:arrow":16,"minecraft:iron_ingot":9,"minecraft:raw_iron":44,"minecraft:cobbled_deepslate":235,"minecraft:diamond_chestplate":1,"minecraft:pointed_dripstone":1,"minecraft:mutton":10,"minecraft:gunpowder":2,"minecraft:diamond_leggings":2,"minecraft:yellow_bed":1,"minecraft:dirt":34,"minecraft:diamond_helmet":1,"minecraft:gravel":3,"minecraft:diamond_pickaxe":2,"minecraft:dripstone_block":1,"minecraft:tuff":4,"minecraft:oxeye_daisy":1,"minecraft:leaf_litter":13,"minecraft:coal":178,"minecraft:oak_log":217,"minecraft:pale_oak_planks":8,"minecraft:birch_planks":11,"minecraft:birch_log":11,"minecraft:furnace":1,"minecraft:shield":1,"minecraft:lapis_lazuli":6,"minecraft:spider_eye":2,"minecraft:diamond_sword":1,"minecraft:diorite":6,"minecraft:white_wool":7,"minecraft:oak_planks":315,"minecraft:closed_eyeblossom":4,"minecraft:crafting_table":5,"minecraft:raw_copper":5,"minecraft:oak_sapling":45,"minecraft:andesite":36,"minecraft:rotten_flesh":16,"minecraft:apple":4,"minecraft:string":44,"minecraft:obsidian":8,"minecraft:gray_wool":1},"minecraft:killed":{"minecraft:zombie":18,"minecraft:skeleton":12,"minecraft:creeper":1,"minecraft:sheep":7,"minecraft:silverfish":1,"minecraft:spider":7},"minecraft:killed_by":{"minecraft:skeleton":3,"minecraft:player":1,"minecraft:warden":1},"minecraft:mined":{"minecraft:pale_moss_block":2,"minecraft:sculk":7,"minecraft:granite":10,"minecraft:closed_eyeblossom":4,"minecraft:coal_ore":142,"minecraft:diorite":6,"minecraft:oak_planks":1,"minecraft:white_bed":2,"minecraft:gravel":3,"minecraft:short_grass":3,"minecraft:sculk_catalyst":1,"minecraft:oak_leaves":40,"minecraft:furnace":2,"minecraft:crafting_table":4,"minecraft:birch_log":11,"minecraft:leaf_litter":6,"minecraft:oxeye_daisy":1,"minecraft:obsidian":4,"minecraft:copper_ore":2,"minecraft:pointed_dripstone":1,"minecraft:dirt":22,"minecraft:birch_leaves":1,"minecraft:andesite":36,"minecraft:sculk_shrieker":3,"minecraft:grass_block":12,"minecraft:cobweb":4,"minecraft:white_wool":1,"minecraft:tuff":4,"minecraft:deepslate":133,"minecraft:yellow_bed":1,"minecraft:pale_oak_planks":6,"minecraft:deepslate_diamond_ore":128,"minecraft:deepslate_iron_ore":25,"minecraft:dripstone_block":3,"minecraft:oak_log":218,"minecraft:birch_planks":11,"minecraft:iron_ore":19,"minecraft:lapis_ore":1,"minecraft:stone":307},"minecraft:custom":{"minecraft:time_since_rest":645,"minecraft:leave_game":2,"minecraft:damage_taken":2752,"minecraft:mob_kills":47,"minecraft:time_since_death":612,"minecraft:interact_with_furnace":24,"minecraft:sleep_in_bed":3,"minecraft:swim_one_cm":1058,"minecraft:total_world_time":176889,"minecraft:crouch_one_cm":59654,"minecraft:deaths":7,"minecraft:climb_one_cm":4147,"minecraft:damage_blocked_by_shield":4318,"minecraft:interact_with_crafting_table":38,"minecraft:walk_one_cm":448248,"minecraft:walk_under_water_one_cm":47973,"minecraft:damage_dealt":7840,"minecraft:play_time":176889,"minecraft:jump":3515,"minecraft:drop":18,"minecraft:sprint_one_cm":314514,"minecraft:open_chest":28,"minecraft:fall_one_cm":97982,"minecraft:fly_one_cm":459932,"minecraft:walk_on_water_one_cm":64258,"minecraft:sneak_time":17811},"minecraft:broken":{"minecraft:iron_axe":1},"minecraft:dropped":{"minecraft:spider_eye":1,"minecraft:oxeye_daisy":1,"minecraft:leaf_litter":13,"minecraft:diamond_pickaxe":1,"minecraft:stone_pickaxe":1,"minecraft:mutton":1,"minecraft:iron_sword":1,"minecraft:dirt":1,"minecraft:stick":7,"minecraft:oak_sapling":1,"minecraft:glow_ink_sac":5}},"DataVersion":4440}