{"stats":{"minecraft:used":{"minecraft:iron_axe":255,"minecraft:cobbled_deepslate":68,"minecraft:diamond_helmet":1,"minecraft:baked_potato":2,"minecraft:yellow_bed":1,"minecraft:shield":67,"minecraft:iron_pickaxe":260,"minecraft:diamond_sword":37,"minecraft:pale_oak_trapdoor":1,"minecraft:iron_sword":114,"minecraft:rotten_flesh":6,"minecraft:birch_planks":5,"minecraft:water_bucket":6,"minecraft:diamond_pickaxe":59,"minecraft:cooked_mutton":9,"minecraft:ladder":3,"minecraft:furnace":3,"minecraft:granite":1,"minecraft:dirt":22,"minecraft:diamond_leggings":3,"minecraft:pale_oak_planks":9,"minecraft:white_wool":2,"minecraft:cobblestone":26,"minecraft:diamond_chestplate":2,"minecraft:gray_wool":1,"minecraft:cooked_beef":3,"minecraft:bucket":8,"minecraft:crafting_table":5,"minecraft:chest":2,"minecraft:oak_sapling":44,"minecraft:white_bed":2,"minecraft:stone_pickaxe":86,"minecraft:bow":33,"minecraft:diamond_boots":2},"minecraft:crafted":{"minecraft:diamond_boots":2,"minecraft:birch_planks":44,"minecraft:stone_pickaxe":1,"minecraft:cooked_mutton":9,"minecraft:stick":60,"minecraft:charcoal":1,"minecraft:cooked_beef":3,"minecraft:chest":2,"minecraft:diamond_pickaxe":2,"minecraft:bookshelf":4,"minecraft:diamond_chestplate":2,"minecraft:diamond_sword":2,"minecraft:bow":1,"minecraft:air":0,"minecraft:bucket":2,"minecraft:furnace":3,"minecraft:ladder":3,"minecraft:pale_oak_planks":248,"minecraft:iron_ingot":20,"minecraft:pale_oak_trapdoor":2,"minecraft:diamond_helmet":2,"minecraft:crafting_table":3,"minecraft:diamond_leggings":1,"minecraft:shield":3,"minecraft:oak_planks":868,"minecraft:iron_pickaxe":2,"minecraft:iron_sword":2,"minecraft:iron_axe":1},"minecraft:picked_up":{"minecraft:enchanting_table":1,"minecraft:cobblestone":31,"minecraft:white_bed":2,"minecraft:bone":6,"minecraft:water_bucket":1,"minecraft:stone_pickaxe":1,"minecraft:cooked_mutton":1,"minecraft:baked_potato":2,"minecraft:diamond":233,"minecraft:iron_sword":3,"minecraft:granite":1,"minecraft:glow_ink_sac":5,"minecraft:book":62,"minecraft:stick":37,"minecraft:diamond_boots":1,"minecraft:bow":1,"minecraft:arrow":16,"minecraft:iron_ingot":9,"minecraft:raw_iron":40,"minecraft:cobbled_deepslate":235,"minecraft:diamond_chestplate":1,"minecraft:mutton":10,"minecraft:gunpowder":2,"minecraft:diamond_leggings":2,"minecraft:yellow_bed":1,"minecraft:dirt":31,"minecraft:diamond_helmet":1,"minecraft:diamond_pickaxe":1,"minecraft:tuff":4,"minecraft:oxeye_daisy":1,"minecraft:leaf_litter":13,"minecraft:coal":88,"minecraft:oak_log":217,"minecraft:pale_oak_planks":8,"minecraft:furnace":1,"minecraft:birch_planks":11,"minecraft:birch_log":11,"minecraft:shield":1,"minecraft:spider_eye":2,"minecraft:diamond_sword":1,"minecraft:white_wool":7,"minecraft:oak_planks":314,"minecraft:closed_eyeblossom":4,"minecraft:crafting_table":5,"minecraft:oak_sapling":45,"minecraft:rotten_flesh":16,"minecraft:apple":4,"minecraft:string":44,"minecraft:obsidian":8,"minecraft:gray_wool":1},"minecraft:killed":{"minecraft:zombie":17,"minecraft:skeleton":12,"minecraft:creeper":1,"minecraft:sheep":7,"minecraft:silverfish":1,"minecraft:spider":7},"minecraft:killed_by":{"minecraft:skeleton":2,"minecraft:player":1,"minecraft:warden":1},"minecraft:mined":{"minecraft:pale_moss_block":2,"minecraft:sculk":7,"minecraft:granite":1,"minecraft:closed_eyeblossom":4,"minecraft:coal_ore":52,"minecraft:white_bed":2,"minecraft:short_grass":3,"minecraft:sculk_catalyst":1,"minecraft:oak_leaves":40,"minecraft:furnace":2,"minecraft:crafting_table":4,"minecraft:birch_log":11,"minecraft:leaf_litter":6,"minecraft:oxeye_daisy":1,"minecraft:obsidian":4,"minecraft:dirt":20,"minecraft:birch_leaves":1,"minecraft:sculk_shrieker":3,"minecraft:grass_block":11,"minecraft:cobweb":4,"minecraft:white_wool":1,"minecraft:tuff":4,"minecraft:deepslate":133,"minecraft:yellow_bed":1,"minecraft:pale_oak_planks":6,"minecraft:deepslate_diamond_ore":128,"minecraft:deepslate_iron_ore":25,"minecraft:oak_log":218,"minecraft:birch_planks":11,"minecraft:iron_ore":15,"minecraft:stone":30},"minecraft:custom":{"minecraft:time_since_rest":5899,"minecraft:leave_game":2,"minecraft:damage_taken":2330,"minecraft:mob_kills":46,"minecraft:time_since_death":5876,"minecraft:interact_with_furnace":24,"minecraft:sleep_in_bed":3,"minecraft:total_world_time":152889,"minecraft:swim_one_cm":1058,"minecraft:crouch_one_cm":38962,"minecraft:deaths":5,"minecraft:climb_one_cm":3509,"minecraft:damage_blocked_by_shield":4268,"minecraft:interact_with_crafting_table":38,"minecraft:walk_one_cm":397102,"minecraft:walk_under_water_one_cm":47008,"minecraft:play_time":152889,"minecraft:damage_dealt":7640,"minecraft:jump":3159,"minecraft:drop":17,"minecraft:sprint_one_cm":281544,"minecraft:open_chest":26,"minecraft:fall_one_cm":89511,"minecraft:fly_one_cm":443331,"minecraft:walk_on_water_one_cm":62047,"minecraft:sneak_time":12904},"minecraft:broken":{"minecraft:iron_axe":1},"minecraft:dropped":{"minecraft:spider_eye":1,"minecraft:oxeye_daisy":1,"minecraft:leaf_litter":13,"minecraft:stone_pickaxe":1,"minecraft:mutton":1,"minecraft:iron_sword":1,"minecraft:dirt":1,"minecraft:stick":7,"minecraft:oak_sapling":1,"minecraft:glow_ink_sac":5}},"DataVersion":4440}