{"stats":{"minecraft:used":{"minecraft:iron_axe":403,"minecraft:diamond_helmet":2,"minecraft:shield":106,"minecraft:iron_pickaxe":473,"minecraft:andesite":12,"minecraft:diamond_sword":175,"minecraft:oak_boat":2,"minecraft:tnt":3,"minecraft:iron_sword":210,"minecraft:diamond_pickaxe":619,"minecraft:cooked_mutton":9,"minecraft:ladder":3,"minecraft:granite":10,"minecraft:iron_shovel":25,"minecraft:diorite":6,"minecraft:diamond_leggings":3,"minecraft:pale_oak_planks":9,"minecraft:cobblestone":71,"minecraft:diamond_chestplate":2,"minecraft:carrot":1,"minecraft:crafting_table":11,"minecraft:iron_chestplate":1,"minecraft:white_bed":4,"minecraft:stone_pickaxe":86,"minecraft:bow":33,"minecraft:diamond_boots":2,"minecraft:oak_door":2,"minecraft:baked_potato":2,"minecraft:iron_leggings":1,"minecraft:cobbled_deepslate":167,"minecraft:yellow_bed":1,"minecraft:pale_oak_trapdoor":1,"minecraft:birch_planks":5,"minecraft:rotten_flesh":16,"minecraft:water_bucket":23,"minecraft:furnace":5,"minecraft:bread":3,"minecraft:dirt":45,"minecraft:iron_boots":1,"minecraft:gravel":4,"minecraft:white_wool":7,"minecraft:cooked_cod":6,"minecraft:gray_wool":1,"minecraft:oak_stairs":4,"minecraft:cooked_beef":19,"minecraft:bucket":24,"minecraft:chest":3,"minecraft:iron_helmet":1,"minecraft:dripstone_block":1,"minecraft:enchanting_table":1,"minecraft:oak_planks":258,"minecraft:porkchop":1,"minecraft:oak_sapling":44},"minecraft:crafted":{"minecraft:diamond_boots":4,"minecraft:birch_planks":44,"minecraft:stone_pickaxe":1,"minecraft:cooked_mutton":9,"minecraft:iron_chestplate":1,"minecraft:iron_boots":1,"minecraft:stick":112,"minecraft:charcoal":7,"minecraft:cooked_beef":33,"minecraft:oak_door":3,"minecraft:iron_helmet":1,"minecraft:diamond_pickaxe":3,"minecraft:chest":3,"minecraft:bookshelf":4,"minecraft:diamond_chestplate":4,"minecraft:diamond_sword":3,"minecraft:air":0,"minecraft:bow":1,"minecraft:bucket":2,"minecraft:furnace":4,"minecraft:oak_boat":1,"minecraft:ladder":3,"minecraft:pale_oak_planks":248,"minecraft:oak_stairs":4,"minecraft:iron_ingot":84,"minecraft:pale_oak_trapdoor":2,"minecraft:diamond_helmet":4,"minecraft:crafting_table":6,"minecraft:diamond_leggings":3,"minecraft:white_bed":1,"minecraft:shield":4,"minecraft:oak_planks":1208,"minecraft:enchanting_table":1,"minecraft:iron_pickaxe":5,"minecraft:iron_shovel":1,"minecraft:iron_sword":3,"minecraft:iron_axe":2,"minecraft:iron_leggings":1},"minecraft:picked_up":{"minecraft:enchanting_table":1,"minecraft:carrot":2,"minecraft:cobblestone":436,"minecraft:white_bed":5,"minecraft:leather":22,"minecraft:bone":27,"minecraft:water_bucket":3,"minecraft:stone_pickaxe":1,"minecraft:cooked_mutton":1,"minecraft:baked_potato":2,"minecraft:diamond":400,"minecraft:iron_sword":7,"minecraft:granite":14,"minecraft:emerald":12,"minecraft:glow_ink_sac":5,"minecraft:book":97,"minecraft:porkchop":2,"minecraft:stick":90,"minecraft:diamond_boots":2,"minecraft:cooked_salmon":1,"minecraft:bow":2,"minecraft:arrow":28,"minecraft:iron_axe":4,"minecraft:iron_ingot":261,"minecraft:raw_iron":76,"minecraft:cobbled_deepslate":334,"minecraft:diamond_chestplate":2,"minecraft:pointed_dripstone":1,"minecraft:mutton":49,"minecraft:gunpowder":2,"minecraft:diamond_leggings":3,"minecraft:yellow_bed":1,"minecraft:dirt":98,"minecraft:open_eyeblossom":1,"minecraft:diamond_helmet":2,"minecraft:gravel":7,"minecraft:diamond_pickaxe":3,"minecraft:dripstone_block":1,"minecraft:bread":3,"minecraft:tuff":18,"minecraft:oxeye_daisy":1,"minecraft:oak_stairs":1,"minecraft:leaf_litter":33,"minecraft:coal":178,"minecraft:oak_log":314,"minecraft:pale_oak_planks":8,"minecraft:sand":6,"minecraft:birch_planks":11,"minecraft:birch_log":11,"minecraft:furnace":7,"minecraft:wheat_seeds":2,"minecraft:shield":5,"minecraft:lapis_lazuli":6,"minecraft:tnt":9,"minecraft:iron_pickaxe":8,"minecraft:spider_eye":2,"minecraft:diamond_sword":2,"minecraft:diorite":8,"minecraft:totem_of_undying":1,"minecraft:oak_boat":4,"minecraft:cooked_beef":13,"minecraft:white_wool":21,"minecraft:oak_planks":920,"minecraft:closed_eyeblossom":4,"minecraft:crafting_table":9,"minecraft:raw_copper":5,"minecraft:oak_sapling":49,"minecraft:bundle":1,"minecraft:andesite":36,"minecraft:rotten_flesh":37,"minecraft:beef":47,"minecraft:apple":4,"minecraft:string":50,"minecraft:obsidian":16,"minecraft:copper_ingot":1,"minecraft:sandstone":6,"minecraft:paper":20,"minecraft:gray_wool":1},"minecraft:killed":{"minecraft:zombie":35,"minecraft:donkey":2,"minecraft:skeleton":20,"minecraft:creeper":1,"minecraft:sheep":17,"minecraft:pig":1,"minecraft:evoker":1,"minecraft:cow":18,"minecraft:drowned":8,"minecraft:vindicator":1,"minecraft:silverfish":1,"minecraft:spider":7},"minecraft:killed_by":{"minecraft:skeleton":4,"minecraft:player":1,"minecraft:warden":1,"minecraft:zombie":2},"minecraft:mined":{"minecraft:sculk":8,"minecraft:gravel":7,"minecraft:short_grass":13,"minecraft:sculk_catalyst":1,"minecraft:crafting_table":8,"minecraft:birch_log":11,"minecraft:leaf_litter":9,"minecraft:oxeye_daisy":1,"minecraft:obsidian":8,"minecraft:copper_ore":2,"minecraft:tnt":6,"minecraft:sandstone":11,"minecraft:open_eyeblossom":1,"minecraft:birch_leaves":4,"minecraft:andesite":36,"minecraft:sculk_shrieker":10,"minecraft:jungle_stairs":1,"minecraft:yellow_bed":1,"minecraft:deepslate_diamond_ore":237,"minecraft:deepslate_iron_ore":25,"minecraft:dripstone_block":3,"minecraft:birch_planks":11,"minecraft:iron_ore":21,"minecraft:stone":390,"minecraft:pale_moss_block":2,"minecraft:glass_pane":2,"minecraft:granite":16,"minecraft:dandelion":1,"minecraft:closed_eyeblossom":4,"minecraft:coal_ore":142,"minecraft:diorite":8,"minecraft:sculk_sensor":4,"minecraft:oak_planks":12,"minecraft:cobblestone":3,"minecraft:white_bed":4,"minecraft:oak_leaves":81,"minecraft:furnace":4,"minecraft:bookshelf":10,"minecraft:tall_grass":9,"minecraft:pointed_dripstone":1,"minecraft:oak_stairs":1,"minecraft:dirt":46,"minecraft:grass_block":17,"minecraft:cobweb":4,"minecraft:spruce_leaves":4,"minecraft:cobbled_deepslate":8,"minecraft:white_wool":1,"minecraft:tuff":19,"minecraft:deepslate":213,"minecraft:sand":25,"minecraft:pale_oak_planks":6,"minecraft:oak_log":309,"minecraft:infested_deepslate":1,"minecraft:lapis_ore":1},"minecraft:custom":{"minecraft:time_since_rest":11270,"minecraft:leave_game":2,"minecraft:damage_taken":5540,"minecraft:mob_kills":115,"minecraft:boat_one_cm":259325,"minecraft:time_since_death":23924,"minecraft:interact_with_furnace":47,"minecraft:sleep_in_bed":11,"minecraft:swim_one_cm":56819,"minecraft:total_world_time":350889,"minecraft:crouch_one_cm":92431,"minecraft:deaths":11,"minecraft:climb_one_cm":10815,"minecraft:enchant_item":2,"minecraft:damage_blocked_by_shield":6542,"minecraft:interact_with_crafting_table":69,"minecraft:walk_one_cm":789332,"minecraft:horse_one_cm":9156,"minecraft:walk_under_water_one_cm":85995,"minecraft:damage_dealt":19203,"minecraft:play_time":350889,"minecraft:jump":7216,"minecraft:drop":34,"minecraft:sprint_one_cm":771028,"minecraft:open_chest":80,"minecraft:fall_one_cm":209791,"minecraft:fly_one_cm":1029413,"minecraft:walk_on_water_one_cm":115997,"minecraft:sneak_time":27678},"minecraft:broken":{"minecraft:iron_axe":1},"minecraft:dropped":{"minecraft:filled_map":2,"minecraft:sandstone":6,"minecraft:copper_ingot":1,"minecraft:oak_boat":1,"minecraft:oxeye_daisy":1,"minecraft:leaf_litter":30,"minecraft:diamond_pickaxe":1,"minecraft:iron_sword":1,"minecraft:white_wool":1,"minecraft:dirt":15,"minecraft:stick":9,"minecraft:cooked_salmon":1,"minecraft:wheat_seeds":1,"minecraft:granite":4,"minecraft:spider_eye":1,"minecraft:stone_pickaxe":1,"minecraft:oak_door":1,"minecraft:mutton":1,"minecraft:oak_sapling":3,"minecraft:glow_ink_sac":5}},"DataVersion":4440}