{"stats":{"minecraft:used":{"minecraft:iron_axe":429,"minecraft:diamond_helmet":2,"minecraft:shield":115,"minecraft:iron_pickaxe":473,"minecraft:andesite":12,"minecraft:diamond_sword":239,"minecraft:dark_oak_log":2,"minecraft:potato":29,"minecraft:oak_boat":2,"minecraft:tnt":3,"minecraft:iron_sword":210,"minecraft:diamond_pickaxe":740,"minecraft:cooked_mutton":9,"minecraft:ladder":4,"minecraft:granite":10,"minecraft:iron_shovel":530,"minecraft:diorite":6,"minecraft:diamond_leggings":3,"minecraft:pale_oak_planks":9,"minecraft:cobblestone":71,"minecraft:diamond_chestplate":2,"minecraft:carrot":1,"minecraft:note_block":1,"minecraft:crafting_table":11,"minecraft:iron_chestplate":1,"minecraft:white_bed":4,"minecraft:stone_pickaxe":86,"minecraft:bow":33,"minecraft:diamond_boots":2,"minecraft:oak_door":2,"minecraft:baked_potato":2,"minecraft:iron_leggings":1,"minecraft:cobbled_deepslate":167,"minecraft:yellow_bed":1,"minecraft:pale_oak_trapdoor":1,"minecraft:birch_planks":5,"minecraft:rotten_flesh":16,"minecraft:water_bucket":30,"minecraft:dark_oak_planks":30,"minecraft:furnace":5,"minecraft:bread":3,"minecraft:dirt":215,"minecraft:iron_boots":1,"minecraft:cooked_salmon":1,"minecraft:wooden_hoe":49,"minecraft:gravel":4,"minecraft:white_wool":7,"minecraft:cooked_cod":6,"minecraft:gray_wool":1,"minecraft:oak_stairs":4,"minecraft:cooked_beef":26,"minecraft:bucket":30,"minecraft:chest":3,"minecraft:iron_helmet":1,"minecraft:dripstone_block":1,"minecraft:enchanting_table":1,"minecraft:oak_planks":260,"minecraft:porkchop":1,"minecraft:oak_sapling":44},"minecraft:crafted":{"minecraft:diamond_boots":4,"minecraft:note_block":1,"minecraft:birch_planks":44,"minecraft:stone_pickaxe":1,"minecraft:cooked_mutton":9,"minecraft:iron_chestplate":1,"minecraft:iron_boots":1,"minecraft:stick":128,"minecraft:charcoal":7,"minecraft:cooked_beef":33,"minecraft:oak_door":3,"minecraft:iron_helmet":1,"minecraft:diamond_pickaxe":3,"minecraft:chest":3,"minecraft:bookshelf":4,"minecraft:diamond_chestplate":4,"minecraft:diamond_sword":3,"minecraft:air":0,"minecraft:bow":1,"minecraft:bucket":2,"minecraft:furnace":4,"minecraft:oak_boat":1,"minecraft:ladder":3,"minecraft:pale_oak_planks":248,"minecraft:oak_stairs":4,"minecraft:dark_oak_planks":4,"minecraft:iron_ingot":84,"minecraft:pale_oak_trapdoor":2,"minecraft:diamond_helmet":4,"minecraft:crafting_table":6,"minecraft:diamond_leggings":3,"minecraft:white_bed":1,"minecraft:wooden_hoe":1,"minecraft:shield":4,"minecraft:oak_planks":1208,"minecraft:enchanting_table":1,"minecraft:iron_pickaxe":5,"minecraft:iron_shovel":3,"minecraft:iron_sword":3,"minecraft:iron_axe":2,"minecraft:iron_leggings":1},"minecraft:picked_up":{"minecraft:enchanting_table":1,"minecraft:carrot":2,"minecraft:cobblestone":564,"minecraft:white_bed":5,"minecraft:leather":22,"minecraft:bone":38,"minecraft:redstone":16,"minecraft:water_bucket":4,"minecraft:stone_pickaxe":1,"minecraft:cooked_mutton":1,"minecraft:clay_ball":12,"minecraft:baked_potato":2,"minecraft:diamond":425,"minecraft:iron_sword":7,"minecraft:granite":14,"minecraft:emerald":15,"minecraft:glow_ink_sac":5,"minecraft:book":127,"minecraft:porkchop":2,"minecraft:stick":160,"minecraft:diamond_boots":3,"minecraft:cooked_salmon":3,"minecraft:bow":6,"minecraft:arrow":58,"minecraft:iron_axe":5,"minecraft:iron_ingot":261,"minecraft:dark_oak_planks":51,"minecraft:raw_iron":76,"minecraft:cobbled_deepslate":349,"minecraft:diamond_chestplate":3,"minecraft:pointed_dripstone":1,"minecraft:wheat":4,"minecraft:mutton":49,"minecraft:gunpowder":2,"minecraft:diamond_leggings":4,"minecraft:yellow_bed":1,"minecraft:dirt":360,"minecraft:open_eyeblossom":2,"minecraft:diamond_helmet":3,"minecraft:gravel":7,"minecraft:torch":2,"minecraft:diamond_pickaxe":4,"minecraft:dripstone_block":1,"minecraft:bread":3,"minecraft:tuff":18,"minecraft:oxeye_daisy":1,"minecraft:oak_stairs":1,"minecraft:leaf_litter":33,"minecraft:coal":178,"minecraft:oak_log":314,"minecraft:pale_oak_planks":8,"minecraft:potato":96,"minecraft:sand":6,"minecraft:birch_planks":11,"minecraft:birch_log":11,"minecraft:furnace":7,"minecraft:wheat_seeds":8,"minecraft:shield":6,"minecraft:lapis_lazuli":6,"minecraft:tnt":12,"minecraft:iron_pickaxe":8,"minecraft:spider_eye":4,"minecraft:dark_oak_log":6,"minecraft:diamond_sword":3,"minecraft:diorite":8,"minecraft:totem_of_undying":2,"minecraft:oak_boat":5,"minecraft:cooked_beef":27,"minecraft:white_wool":21,"minecraft:oak_planks":985,"minecraft:closed_eyeblossom":4,"minecraft:crafting_table":9,"minecraft:raw_copper":5,"minecraft:oak_sapling":51,"minecraft:bundle":1,"minecraft:andesite":36,"minecraft:rotten_flesh":51,"minecraft:beef":47,"minecraft:apple":4,"minecraft:string":50,"minecraft:glass_bottle":4,"minecraft:obsidian":16,"minecraft:copper_ingot":1,"minecraft:ladder":1,"minecraft:sandstone":6,"minecraft:paper":40,"minecraft:gray_wool":1},"minecraft:killed":{"minecraft:skeleton":24,"minecraft:pig":1,"minecraft:witch":1,"minecraft:vindicator":1,"minecraft:silverfish":1,"minecraft:spider":10,"minecraft:zombie":43,"minecraft:donkey":2,"minecraft:creeper":2,"minecraft:sheep":17,"minecraft:evoker":1,"minecraft:cow":18,"minecraft:drowned":8},"minecraft:killed_by":{"minecraft:skeleton":4,"minecraft:player":1,"minecraft:warden":1,"minecraft:zombie":2},"minecraft:mined":{"minecraft:sculk":11,"minecraft:gravel":7,"minecraft:short_grass":25,"minecraft:sculk_catalyst":1,"minecraft:dirt_path":6,"minecraft:crafting_table":8,"minecraft:birch_log":11,"minecraft:pale_hanging_moss":1,"minecraft:leaf_litter":9,"minecraft:oxeye_daisy":1,"minecraft:obsidian":8,"minecraft:farmland":1,"minecraft:dark_oak_planks":28,"minecraft:copper_ore":2,"minecraft:tnt":6,"minecraft:sandstone":11,"minecraft:open_eyeblossom":1,"minecraft:birch_leaves":5,"minecraft:andesite":36,"minecraft:sculk_shrieker":17,"minecraft:jungle_stairs":1,"minecraft:yellow_bed":1,"minecraft:fire":1,"minecraft:deepslate_diamond_ore":254,"minecraft:potatoes":25,"minecraft:deepslate_iron_ore":25,"minecraft:dripstone_block":3,"minecraft:birch_planks":11,"minecraft:iron_ore":21,"minecraft:stone":466,"minecraft:pale_moss_block":2,"minecraft:glass_pane":5,"minecraft:granite":16,"minecraft:dark_oak_log":3,"minecraft:dandelion":1,"minecraft:closed_eyeblossom":4,"minecraft:coal_ore":142,"minecraft:diorite":8,"minecraft:sculk_sensor":6,"minecraft:oak_planks":12,"minecraft:cobblestone":3,"minecraft:white_bed":4,"minecraft:oak_leaves":81,"minecraft:furnace":4,"minecraft:clay":3,"minecraft:bookshelf":10,"minecraft:tall_grass":11,"minecraft:pointed_dripstone":1,"minecraft:emerald_ore":1,"minecraft:oak_stairs":1,"minecraft:dirt":338,"minecraft:grass_block":241,"minecraft:cobweb":4,"minecraft:spruce_leaves":4,"minecraft:cobbled_deepslate":8,"minecraft:white_wool":1,"minecraft:tuff":19,"minecraft:ladder":1,"minecraft:deepslate":228,"minecraft:sand":25,"minecraft:pale_oak_planks":6,"minecraft:oak_log":309,"minecraft:infested_deepslate":1,"minecraft:lapis_ore":1},"minecraft:custom":{"minecraft:time_since_rest":72782,"minecraft:leave_game":4,"minecraft:damage_taken":6252,"minecraft:mob_kills":132,"minecraft:boat_one_cm":259325,"minecraft:time_since_death":72734,"minecraft:interact_with_furnace":49,"minecraft:sleep_in_bed":11,"minecraft:swim_one_cm":69847,"minecraft:total_world_time":431533,"minecraft:crouch_one_cm":118663,"minecraft:deaths":12,"minecraft:climb_one_cm":15011,"minecraft:enchant_item":2,"minecraft:damage_blocked_by_shield":7346,"minecraft:interact_with_crafting_table":75,"minecraft:walk_one_cm":1034843,"minecraft:horse_one_cm":9156,"minecraft:walk_under_water_one_cm":92715,"minecraft:damage_dealt":22989,"minecraft:play_time":431533,"minecraft:jump":8600,"minecraft:drop":78,"minecraft:sprint_one_cm":995726,"minecraft:open_chest":94,"minecraft:interact_with_smoker":1,"minecraft:fall_one_cm":245007,"minecraft:tune_noteblock":58,"minecraft:fly_one_cm":1245907,"minecraft:walk_on_water_one_cm":124515,"minecraft:sneak_time":34288,"minecraft:interact_with_blast_furnace":4},"minecraft:broken":{"minecraft:iron_axe":1,"minecraft:iron_shovel":2},"minecraft:dropped":{"minecraft:rotten_flesh":14,"minecraft:filled_map":2,"minecraft:sandstone":6,"minecraft:wheat":4,"minecraft:copper_ingot":1,"minecraft:redstone":7,"minecraft:oak_boat":1,"minecraft:oxeye_daisy":1,"minecraft:leaf_litter":30,"minecraft:diamond_pickaxe":1,"minecraft:iron_sword":1,"minecraft:white_wool":1,"minecraft:dirt":39,"minecraft:stick":33,"minecraft:arrow":13,"minecraft:cooked_salmon":1,"minecraft:wheat_seeds":2,"minecraft:granite":4,"minecraft:spider_eye":1,"minecraft:stone_pickaxe":1,"minecraft:oak_door":1,"minecraft:mutton":1,"minecraft:oak_sapling":5,"minecraft:glow_ink_sac":5}},"DataVersion":4440}