{"stats":{"minecraft:used":{"minecraft:iron_axe":348,"minecraft:baked_potato":2,"minecraft:iron_leggings":1,"minecraft:cobbled_deepslate":167,"minecraft:diamond_helmet":1,"minecraft:yellow_bed":1,"minecraft:shield":106,"minecraft:iron_pickaxe":473,"minecraft:andesite":12,"minecraft:diamond_sword":146,"minecraft:oak_boat":2,"minecraft:pale_oak_trapdoor":1,"minecraft:iron_sword":210,"minecraft:birch_planks":5,"minecraft:rotten_flesh":16,"minecraft:water_bucket":9,"minecraft:diamond_pickaxe":514,"minecraft:cooked_mutton":9,"minecraft:ladder":3,"minecraft:furnace":5,"minecraft:granite":10,"minecraft:dirt":26,"minecraft:iron_boots":1,"minecraft:iron_shovel":25,"minecraft:diorite":6,"minecraft:gravel":4,"minecraft:diamond_leggings":3,"minecraft:white_wool":7,"minecraft:pale_oak_planks":9,"minecraft:cobblestone":71,"minecraft:diamond_chestplate":2,"minecraft:gray_wool":1,"minecraft:cooked_beef":16,"minecraft:carrot":1,"minecraft:bucket":10,"minecraft:crafting_table":11,"minecraft:chest":2,"minecraft:iron_helmet":1,"minecraft:dripstone_block":1,"minecraft:iron_chestplate":1,"minecraft:oak_planks":140,"minecraft:porkchop":1,"minecraft:oak_sapling":44,"minecraft:white_bed":4,"minecraft:stone_pickaxe":86,"minecraft:bow":33,"minecraft:diamond_boots":2,"minecraft:oak_door":2},"minecraft:crafted":{"minecraft:diamond_boots":4,"minecraft:birch_planks":44,"minecraft:stone_pickaxe":1,"minecraft:cooked_mutton":9,"minecraft:iron_chestplate":1,"minecraft:iron_boots":1,"minecraft:stick":112,"minecraft:charcoal":7,"minecraft:cooked_beef":31,"minecraft:oak_door":3,"minecraft:iron_helmet":1,"minecraft:diamond_pickaxe":3,"minecraft:chest":2,"minecraft:bookshelf":4,"minecraft:diamond_chestplate":4,"minecraft:diamond_sword":3,"minecraft:air":0,"minecraft:bow":1,"minecraft:bucket":2,"minecraft:furnace":4,"minecraft:oak_boat":1,"minecraft:ladder":3,"minecraft:pale_oak_planks":248,"minecraft:iron_ingot":68,"minecraft:pale_oak_trapdoor":2,"minecraft:diamond_helmet":4,"minecraft:crafting_table":6,"minecraft:diamond_leggings":3,"minecraft:white_bed":1,"minecraft:shield":4,"minecraft:oak_planks":1084,"minecraft:iron_pickaxe":5,"minecraft:iron_shovel":1,"minecraft:iron_sword":3,"minecraft:iron_axe":2,"minecraft:iron_leggings":1},"minecraft:picked_up":{"minecraft:enchanting_table":1,"minecraft:carrot":2,"minecraft:cobblestone":305,"minecraft:white_bed":4,"minecraft:leather":22,"minecraft:bone":27,"minecraft:water_bucket":1,"minecraft:stone_pickaxe":1,"minecraft:cooked_mutton":1,"minecraft:baked_potato":2,"minecraft:diamond":366,"minecraft:iron_sword":6,"minecraft:granite":14,"minecraft:glow_ink_sac":5,"minecraft:book":62,"minecraft:porkchop":2,"minecraft:stick":37,"minecraft:diamond_boots":1,"minecraft:cooked_salmon":1,"minecraft:bow":2,"minecraft:arrow":22,"minecraft:iron_axe":3,"minecraft:iron_ingot":171,"minecraft:raw_iron":58,"minecraft:cobbled_deepslate":334,"minecraft:diamond_chestplate":1,"minecraft:pointed_dripstone":1,"minecraft:mutton":26,"minecraft:gunpowder":2,"minecraft:diamond_leggings":2,"minecraft:yellow_bed":1,"minecraft:dirt":53,"minecraft:diamond_helmet":1,"minecraft:gravel":7,"minecraft:diamond_pickaxe":2,"minecraft:dripstone_block":1,"minecraft:tuff":18,"minecraft:oxeye_daisy":1,"minecraft:leaf_litter":33,"minecraft:coal":178,"minecraft:oak_log":283,"minecraft:pale_oak_planks":8,"minecraft:sand":6,"minecraft:birch_planks":11,"minecraft:birch_log":11,"minecraft:furnace":6,"minecraft:wheat_seeds":1,"minecraft:shield":4,"minecraft:lapis_lazuli":6,"minecraft:iron_pickaxe":7,"minecraft:spider_eye":2,"minecraft:diamond_sword":1,"minecraft:diorite":6,"minecraft:oak_boat":3,"minecraft:cooked_beef":1,"minecraft:white_wool":18,"minecraft:oak_planks":836,"minecraft:closed_eyeblossom":4,"minecraft:crafting_table":9,"minecraft:raw_copper":5,"minecraft:oak_sapling":47,"minecraft:andesite":36,"minecraft:rotten_flesh":36,"minecraft:beef":47,"minecraft:apple":4,"minecraft:string":50,"minecraft:obsidian":8,"minecraft:copper_ingot":1,"minecraft:sandstone":6,"minecraft:gray_wool":1},"minecraft:killed":{"minecraft:zombie":32,"minecraft:donkey":2,"minecraft:skeleton":19,"minecraft:creeper":1,"minecraft:sheep":17,"minecraft:pig":1,"minecraft:cow":18,"minecraft:drowned":8,"minecraft:silverfish":1,"minecraft:spider":7},"minecraft:killed_by":{"minecraft:skeleton":4,"minecraft:player":1,"minecraft:warden":1,"minecraft:zombie":2},"minecraft:mined":{"minecraft:pale_moss_block":2,"minecraft:sculk":7,"minecraft:granite":16,"minecraft:dandelion":1,"minecraft:closed_eyeblossom":4,"minecraft:coal_ore":142,"minecraft:diorite":6,"minecraft:oak_planks":1,"minecraft:white_bed":4,"minecraft:gravel":7,"minecraft:short_grass":13,"minecraft:sculk_catalyst":1,"minecraft:oak_leaves":67,"minecraft:furnace":4,"minecraft:crafting_table":8,"minecraft:birch_log":11,"minecraft:leaf_litter":9,"minecraft:oxeye_daisy":1,"minecraft:obsidian":4,"minecraft:copper_ore":2,"minecraft:sandstone":11,"minecraft:tall_grass":9,"minecraft:pointed_dripstone":1,"minecraft:dirt":23,"minecraft:birch_leaves":1,"minecraft:andesite":36,"minecraft:sculk_shrieker":3,"minecraft:grass_block":13,"minecraft:cobweb":4,"minecraft:spruce_leaves":4,"minecraft:cobbled_deepslate":7,"minecraft:white_wool":1,"minecraft:tuff":19,"minecraft:jungle_stairs":1,"minecraft:deepslate":213,"minecraft:sand":25,"minecraft:yellow_bed":1,"minecraft:pale_oak_planks":6,"minecraft:deepslate_diamond_ore":237,"minecraft:deepslate_iron_ore":25,"minecraft:dripstone_block":3,"minecraft:oak_log":278,"minecraft:birch_planks":11,"minecraft:iron_ore":19,"minecraft:infested_deepslate":1,"minecraft:lapis_ore":1,"minecraft:stone":309},"minecraft:custom":{"minecraft:time_since_rest":4370,"minecraft:leave_game":2,"minecraft:damage_taken":4427,"minecraft:mob_kills":109,"minecraft:boat_one_cm":259325,"minecraft:time_since_death":85586,"minecraft:interact_with_furnace":43,"minecraft:sleep_in_bed":10,"minecraft:swim_one_cm":47533,"minecraft:total_world_time":296889,"minecraft:crouch_one_cm":70942,"minecraft:deaths":10,"minecraft:climb_one_cm":6731,"minecraft:damage_blocked_by_shield":6542,"minecraft:interact_with_crafting_table":60,"minecraft:walk_one_cm":679325,"minecraft:horse_one_cm":9156,"minecraft:walk_under_water_one_cm":76478,"minecraft:damage_dealt":17710,"minecraft:play_time":296889,"minecraft:jump":6101,"minecraft:drop":29,"minecraft:sprint_one_cm":612652,"minecraft:open_chest":52,"minecraft:fall_one_cm":173996,"minecraft:fly_one_cm":841991,"minecraft:walk_on_water_one_cm":104433,"minecraft:sneak_time":21401},"minecraft:broken":{"minecraft:iron_axe":1},"minecraft:dropped":{"minecraft:filled_map":2,"minecraft:sandstone":6,"minecraft:copper_ingot":1,"minecraft:oak_boat":1,"minecraft:oxeye_daisy":1,"minecraft:leaf_litter":30,"minecraft:diamond_pickaxe":1,"minecraft:iron_sword":1,"minecraft:white_wool":1,"minecraft:dirt":1,"minecraft:stick":7,"minecraft:cooked_salmon":1,"minecraft:granite":4,"minecraft:spider_eye":1,"minecraft:stone_pickaxe":1,"minecraft:oak_door":1,"minecraft:mutton":1,"minecraft:oak_sapling":1,"minecraft:glow_ink_sac":5}},"DataVersion":4440}