{"stats":{"minecraft:crafted":{"minecraft:wooden_axe":1,"minecraft:birch_planks":48,"minecraft:arrow":4,"minecraft:gold_ingot":52,"minecraft:stone_pickaxe":1,"minecraft:iron_chestplate":3,"minecraft:golden_shovel":1,"minecraft:iron_boots":1,"minecraft:stick":176,"minecraft:wooden_pickaxe":2,"minecraft:cooked_porkchop":22,"minecraft:iron_helmet":1,"minecraft:diamond_axe":1,"minecraft:diamond_pickaxe":1,"minecraft:chest":3,"minecraft:diamond_sword":2,"minecraft:air":0,"minecraft:bow":2,"minecraft:bucket":2,"minecraft:flint_and_steel":1,"minecraft:bone_meal":72,"minecraft:furnace":6,"minecraft:iron_ingot":43,"minecraft:golden_boots":1,"minecraft:diamond_helmet":1,"minecraft:crafting_table":10,"minecraft:torch":120,"minecraft:baked_potato":106,"minecraft:shield":4,"minecraft:stone_axe":1,"minecraft:oak_planks":348,"minecraft:gold_nugget":9,"minecraft:spruce_planks":4,"minecraft:iron_pickaxe":4,"minecraft:iron_shovel":3,"minecraft:iron_sword":3,"minecraft:iron_axe":2,"minecraft:iron_leggings":2},"minecraft:used":{"minecraft:stone_axe":17,"minecraft:iron_axe":49,"minecraft:diamond_helmet":2,"minecraft:wildflowers":20,"minecraft:diamond_hoe":242,"minecraft:shield":184,"minecraft:iron_pickaxe":699,"minecraft:white_banner":1,"minecraft:diamond_sword":167,"minecraft:potato":203,"minecraft:iron_sword":425,"minecraft:glow_berries":12,"minecraft:wooden_axe":10,"minecraft:diamond_pickaxe":235,"minecraft:cooked_mutton":2,"minecraft:golden_boots":1,"minecraft:cooked_porkchop":22,"minecraft:granite":14,"minecraft:magma_block":1,"minecraft:iron_shovel":706,"minecraft:wooden_pickaxe":6,"minecraft:oak_log":88,"minecraft:cobblestone":3,"minecraft:golden_apple":1,"minecraft:diamond_axe":172,"minecraft:powder_snow_bucket":4,"minecraft:crafting_table":12,"minecraft:iron_chestplate":1,"minecraft:white_bed":3,"minecraft:stone_pickaxe":25,"minecraft:pointed_dripstone":9,"minecraft:bow":34,"minecraft:baked_potato":146,"minecraft:iron_leggings":1,"minecraft:cobbled_deepslate":80,"minecraft:netherrack":22,"minecraft:apple":1,"minecraft:dried_ghast":1,"minecraft:water_bucket":58,"minecraft:soul_sand":1,"minecraft:bone_meal":19,"minecraft:furnace":10,"minecraft:torch":94,"minecraft:dirt":777,"minecraft:iron_boots":1,"minecraft:gravel":10,"minecraft:birch_log":1,"minecraft:flint_and_steel":24,"minecraft:bucket":65,"minecraft:chest":4,"minecraft:oak_planks":416,"minecraft:oak_sapling":3,"minecraft:ender_pearl":3,"minecraft:golden_shovel":32},"minecraft:custom":{"minecraft:time_since_rest":44113,"minecraft:talked_to_villager":1,"minecraft:leave_game":21,"minecraft:damage_taken":12729,"minecraft:mob_kills":150,"minecraft:boat_one_cm":920,"minecraft:damage_absorbed":40,"minecraft:time_since_death":89867,"minecraft:interact_with_furnace":72,"minecraft:sleep_in_bed":24,"minecraft:happy_ghast_one_cm":6575125,"minecraft:swim_one_cm":20855,"minecraft:total_world_time":566387,"minecraft:crouch_one_cm":27452,"minecraft:deaths":15,"minecraft:climb_one_cm":5396,"minecraft:player_kills":1,"minecraft:minecart_one_cm":20771,"minecraft:damage_blocked_by_shield":14150,"minecraft:interact_with_crafting_table":81,"minecraft:walk_one_cm":1814514,"minecraft:horse_one_cm":221465,"minecraft:walk_under_water_one_cm":46354,"minecraft:damage_dealt":30668,"minecraft:play_time":566387,"minecraft:jump":9838,"minecraft:drop":341,"minecraft:sprint_one_cm":1637540,"minecraft:open_chest":117,"minecraft:interact_with_smoker":3,"minecraft:fall_one_cm":299637,"minecraft:fly_one_cm":1416513,"minecraft:walk_on_water_one_cm":103553,"minecraft:sneak_time":14823,"minecraft:interact_with_blast_furnace":1,"minecraft:interact_with_grindstone":1},"minecraft:picked_up":{"minecraft:tropical_fish":5,"minecraft:poisonous_potato":22,"minecraft:cobblestone":297,"minecraft:minecart":1,"minecraft:flint":3,"minecraft:bone":36,"minecraft:cooked_mutton":2,"minecraft:glow_berries":6,"minecraft:diamond":42,"minecraft:iron_sword":3,"minecraft:granite":18,"minecraft:white_banner":1,"minecraft:crimson_fungus":1,"minecraft:wildflowers":22,"minecraft:shroomlight":1,"minecraft:spectral_arrow":55,"minecraft:bow":5,"minecraft:arrow":95,"minecraft:iron_ingot":154,"minecraft:raw_gold":17,"minecraft:stone_sword":2,"minecraft:dandelion":28,"minecraft:iron_chestplate":1,"minecraft:crying_obsidian":20,"minecraft:dirt":1411,"minecraft:open_eyeblossom":1,"minecraft:diamond_helmet":2,"minecraft:iron_shovel":3,"minecraft:golden_boots":1,"minecraft:torch":26,"minecraft:azure_bluet":6,"minecraft:diamond_pickaxe":1,"minecraft:dripstone_block":5,"minecraft:spruce_log":1,"minecraft:oak_stairs":2,"minecraft:coal":87,"minecraft:oak_log":197,"minecraft:oak_fence":30,"minecraft:birch_planks":169,"minecraft:furnace":4,"minecraft:wheat_seeds":56,"minecraft:iron_pickaxe":3,"minecraft:weeping_vines":2,"minecraft:quartz":31,"minecraft:iron_leggings":1,"minecraft:diamond_sword":3,"minecraft:poppy":4,"minecraft:feather":2,"minecraft:potion":1,"minecraft:andesite":3,"minecraft:diamond_hoe":2,"minecraft:ender_pearl":4,"minecraft:string":86,"minecraft:golden_sword":2,"minecraft:obsidian":8,"minecraft:nether_wart_block":1,"minecraft:amethyst_shard":84,"minecraft:cornflower":2,"minecraft:diamond_axe":3,"minecraft:soul_sand":9,"minecraft:enchanted_book":2,"minecraft:oak_fence_gate":6,"minecraft:white_bed":3,"minecraft:leather":30,"minecraft:gold_nugget":340,"minecraft:lead":4,"minecraft:water_bucket":6,"minecraft:stone_pickaxe":1,"minecraft:gold_ingot":23,"minecraft:baked_potato":182,"minecraft:ghast_tear":1,"minecraft:glow_ink_sac":54,"minecraft:porkchop":43,"minecraft:stick":232,"minecraft:powder_snow_bucket":1,"minecraft:raw_iron":66,"minecraft:cobbled_deepslate":192,"minecraft:pointed_dripstone":24,"minecraft:glowstone_dust":120,"minecraft:spruce_wood":2,"minecraft:stone_axe":2,"minecraft:amethyst_block":10,"minecraft:nether_brick":51,"minecraft:netherite_leggings":1,"minecraft:gunpowder":2,"minecraft:chest":1,"minecraft:netherite_sword":1,"minecraft:blackstone":15,"minecraft:netherrack":185,"minecraft:magma_block":6,"minecraft:clock":1,"minecraft:gravel":75,"minecraft:leaf_litter":9,"minecraft:potato":419,"minecraft:grass_block":2,"minecraft:birch_log":16,"minecraft:shield":3,"minecraft:lapis_lazuli":48,"minecraft:compass":6,"minecraft:spider_eye":10,"minecraft:bone_meal":1,"minecraft:ominous_bottle":2,"minecraft:diorite":1,"minecraft:wooden_pickaxe":1,"minecraft:oak_planks":165,"minecraft:netherite_chestplate":1,"minecraft:crafting_table":5,"minecraft:oak_sapling":2,"minecraft:rotten_flesh":63,"minecraft:apple":3,"minecraft:oak_slab":2,"minecraft:dried_ghast":1},"minecraft:killed_by":{"minecraft:skeleton":2,"minecraft:player":1,"minecraft:warden":1,"minecraft:zombie":1},"minecraft:mined":{"minecraft:torch":5,"minecraft:sculk":148,"minecraft:oak_fence_gate":3,"minecraft:spruce_wood":1,"minecraft:nether_quartz_ore":2,"minecraft:netherrack":202,"minecraft:gravel":39,"minecraft:amethyst_block":10,"minecraft:short_grass":33,"minecraft:weeping_vines":1,"minecraft:sculk_catalyst":2,"minecraft:dirt_path":27,"minecraft:crafting_table":4,"minecraft:birch_log":15,"minecraft:pale_hanging_moss":3,"minecraft:leaf_litter":1,"minecraft:magma_block":4,"minecraft:copper_ore":6,"minecraft:cave_vines":12,"minecraft:nether_wart_block":1,"minecraft:birch_leaves":15,"minecraft:oak_fence":15,"minecraft:sculk_shrieker":3,"minecraft:glowstone":16,"minecraft:cave_vines_plant":4,"minecraft:deepslate_gold_ore":18,"minecraft:budding_amethyst":2,"minecraft:wall_torch":1,"minecraft:fire":38,"minecraft:deepslate_lapis_ore":8,"minecraft:deepslate_diamond_ore":7,"minecraft:potatoes":122,"minecraft:deepslate_iron_ore":25,"minecraft:amethyst_cluster":10,"minecraft:iron_ore":29,"minecraft:stone":336,"minecraft:glass_pane":1,"minecraft:granite":38,"minecraft:dandelion":1,"minecraft:coal_ore":49,"minecraft:diorite":1,"minecraft:sculk_sensor":1,"minecraft:oak_planks":5,"minecraft:cobblestone":5,"minecraft:white_bed":3,"minecraft:bee_nest":2,"minecraft:shroomlight":1,"minecraft:oak_leaves":16,"minecraft:furnace":4,"minecraft:composter":1,"minecraft:sculk_vein":95,"minecraft:crimson_nylium":2,"minecraft:crimson_roots":1,"minecraft:powder_snow":2,"minecraft:tall_grass":7,"minecraft:wildflowers":1,"minecraft:pointed_dripstone":9,"minecraft:oak_stairs":1,"minecraft:dirt":136,"minecraft:grass_block":563,"minecraft:cobweb":6,"minecraft:spruce_leaves":10,"minecraft:cobbled_deepslate":31,"minecraft:nether_gold_ore":72,"minecraft:deepslate":26,"minecraft:cornflower":1,"minecraft:oak_log":139},"minecraft:killed":{"minecraft:pillager":3,"minecraft:slime":2,"minecraft:zombified_piglin":2,"minecraft:skeleton":33,"minecraft:pig":5,"minecraft:piglin":2,"minecraft:wandering_trader":1,"minecraft:spider":20,"minecraft:zombie":49,"minecraft:horse":1,"minecraft:trader_llama":2,"minecraft:zombie_villager":1,"minecraft:enderman":6,"minecraft:goat":1,"minecraft:sheep":1,"minecraft:hoglin":14,"minecraft:ghast":2},"minecraft:dropped":{"minecraft:music_disc_cat":1,"minecraft:oak_planks":31,"minecraft:magma_block":4,"minecraft:nether_brick":13,"minecraft:tropical_fish":1,"minecraft:cobbled_deepslate":16,"minecraft:bone":2,"minecraft:netherite_chestplate":1,"minecraft:wheat_seeds":1,"minecraft:iron_ingot":44,"minecraft:shield":1,"minecraft:minecart":1,"minecraft:glowstone_dust":120,"minecraft:open_eyeblossom":1,"minecraft:diamond_pickaxe":1,"minecraft:netherite_leggings":1,"minecraft:iron_leggings":1,"minecraft:crimson_fungus":1,"minecraft:gold_ingot":12,"minecraft:stone_axe":1,"minecraft:iron_pickaxe":1,"minecraft:diamond_hoe":1,"minecraft:rotten_flesh":7,"minecraft:cobblestone":15,"minecraft:pointed_dripstone":3,"minecraft:nether_wart_block":1,"minecraft:iron_chestplate":1,"minecraft:stone_sword":1,"minecraft:bow":1,"minecraft:diamond_axe":1,"minecraft:dirt":1,"minecraft:weeping_vines":2,"minecraft:music_disc_13":1,"minecraft:leather":13,"minecraft:obsidian":2,"minecraft:birch_log":1,"minecraft:diamond":63,"minecraft:feather":1,"minecraft:potato":8,"minecraft:wildflowers":2,"minecraft:poisonous_potato":9,"minecraft:apple":1,"minecraft:water_bucket":1,"minecraft:netherite_sword":1,"minecraft:leaf_litter":3,"minecraft:diamond_sword":2,"minecraft:iron_sword":3,"minecraft:gold_nugget":11,"minecraft:golden_helmet":2,"minecraft:amethyst_shard":84,"minecraft:glow_ink_sac":8},"minecraft:broken":{"minecraft:iron_shovel":2,"minecraft:golden_boots":1,"minecraft:iron_pickaxe":1,"minecraft:golden_shovel":1}},"DataVersion":4440}