{"minecraft:recipes/decorations/crafting_table":{"criteria":{"unlock_right_away":"2025-08-23 18:09:18 +0000"},"done":true},"minecraft:adventure/adventuring_time":{"criteria":{"minecraft:old_growth_birch_forest":"2025-08-23 18:13:21 +0000","minecraft:snowy_slopes":"2025-08-23 19:44:34 +0000","minecraft:dark_forest":"2025-08-23 18:25:44 +0000","minecraft:forest":"2025-08-23 19:33:05 +0000","minecraft:deep_dark":"2025-08-23 20:00:32 +0000","minecraft:river":"2025-08-23 18:13:17 +0000","minecraft:grove":"2025-08-23 19:25:52 +0000","minecraft:meadow":"2025-08-23 19:36:12 +0000","minecraft:birch_forest":"2025-08-23 18:09:19 +0000","minecraft:dripstone_caves":"2025-08-23 18:18:18 +0000","minecraft:plains":"2025-08-23 19:33:23 +0000","minecraft:pale_garden":"2025-08-23 18:23:12 +0000"},"done":false},"minecraft:recipes/misc/yellow_dye_from_wildflowers":{"criteria":{"has_wildflowers":"2025-08-23 18:09:55 +0000"},"done":true},"minecraft:adventure/root":{"criteria":{"killed_by_something":"2025-08-23 18:10:31 +0000"},"done":true},"minecraft:recipes/building_blocks/birch_planks":{"criteria":{"has_logs":"2025-08-23 18:10:48 +0000"},"done":true},"minecraft:recipes/misc/charcoal":{"criteria":{"has_log":"2025-08-23 18:10:48 +0000"},"done":true},"minecraft:recipes/building_blocks/birch_wood":{"criteria":{"has_log":"2025-08-23 18:10:48 +0000"},"done":true},"minecraft:recipes/redstone/dispenser":{"criteria":{"has_bow":"2025-08-23 18:11:59 +0000"},"done":true},"minecraft:recipes/misc/bone_meal":{"criteria":{"has_bone":"2025-08-23 18:11:59 +0000"},"done":true},"minecraft:recipes/redstone/birch_button":{"criteria":{"has_planks":"2025-08-23 18:12:25 +0000"},"done":true},"minecraft:recipes/redstone/birch_door":{"criteria":{"has_planks":"2025-08-23 18:12:25 +0000"},"done":true},"minecraft:recipes/decorations/birch_fence":{"criteria":{"has_planks":"2025-08-23 18:12:25 +0000"},"done":true},"minecraft:recipes/redstone/birch_trapdoor":{"criteria":{"has_planks":"2025-08-23 18:12:25 +0000"},"done":true},"minecraft:recipes/misc/stick":{"criteria":{"has_planks":"2025-08-23 18:12:25 +0000"},"done":true},"minecraft:recipes/decorations/birch_sign":{"criteria":{"has_planks":"2025-08-23 18:12:25 +0000"},"done":true},"minecraft:recipes/redstone/birch_fence_gate":{"criteria":{"has_planks":"2025-08-23 18:12:25 +0000"},"done":true},"minecraft:recipes/decorations/barrel":{"criteria":{"has_planks":"2025-08-23 18:12:25 +0000"},"done":true},"minecraft:recipes/redstone/birch_pressure_plate":{"criteria":{"has_planks":"2025-08-23 18:12:25 +0000"},"done":true},"minecraft:recipes/building_blocks/birch_slab":{"criteria":{"has_planks":"2025-08-23 18:12:25 +0000"},"done":true},"minecraft:recipes/building_blocks/birch_stairs":{"criteria":{"has_planks":"2025-08-23 18:12:25 +0000"},"done":true},"minecraft:story/root":{"criteria":{"crafting_table":"2025-08-23 18:12:29 +0000"},"done":true},"minecraft:recipes/tools/wooden_pickaxe":{"criteria":{"has_the_recipe":"2025-08-23 18:12:59 +0000"},"done":true},"minecraft:recipes/tools/wooden_axe":{"criteria":{"has_the_recipe":"2025-08-23 18:13:02 +0000"},"done":true},"minecraft:recipes/transportation/mangrove_boat":{"criteria":{"in_water":"2025-08-23 18:13:18 +0000"},"done":true},"minecraft:recipes/transportation/acacia_boat":{"criteria":{"in_water":"2025-08-23 18:13:18 +0000"},"done":true},"minecraft:recipes/transportation/cherry_boat":{"criteria":{"in_water":"2025-08-23 18:13:18 +0000"},"done":true},"minecraft:recipes/transportation/pale_oak_boat":{"criteria":{"in_water":"2025-08-23 18:13:18 +0000"},"done":true},"minecraft:recipes/transportation/bamboo_raft":{"criteria":{"in_water":"2025-08-23 18:13:18 +0000"},"done":true},"minecraft:recipes/transportation/spruce_boat":{"criteria":{"in_water":"2025-08-23 18:13:18 +0000"},"done":true},"minecraft:recipes/transportation/birch_boat":{"criteria":{"in_water":"2025-08-23 18:13:18 +0000"},"done":true},"minecraft:recipes/transportation/oak_boat":{"criteria":{"in_water":"2025-08-23 18:13:18 +0000"},"done":true},"minecraft:recipes/transportation/jungle_boat":{"criteria":{"in_water":"2025-08-23 18:13:18 +0000"},"done":true},"minecraft:recipes/transportation/dark_oak_boat":{"criteria":{"in_water":"2025-08-23 18:13:18 +0000"},"done":true},"minecraft:recipes/food/cooked_mutton_from_smoking":{"criteria":{"has_mutton":"2025-08-23 18:13:23 +0000"},"done":true},"minecraft:recipes/food/cooked_mutton":{"criteria":{"has_mutton":"2025-08-23 18:13:23 +0000"},"done":true},"minecraft:recipes/decorations/white_banner":{"criteria":{"has_white_wool":"2025-08-23 18:13:23 +0000"},"done":true},"minecraft:recipes/decorations/painting":{"criteria":{"has_wool":"2025-08-23 18:13:23 +0000"},"done":true},"minecraft:recipes/food/cooked_mutton_from_campfire_cooking":{"criteria":{"has_mutton":"2025-08-23 18:13:23 +0000"},"done":true},"minecraft:recipes/decorations/white_bed":{"criteria":{"has_white_wool":"2025-08-23 18:13:23 +0000"},"done":true},"minecraft:recipes/decorations/white_carpet":{"criteria":{"has_white_wool":"2025-08-23 18:13:23 +0000"},"done":true},"minecraft:recipes/redstone/lever":{"criteria":{"has_cobblestone":"2025-08-23 18:14:20 +0000"},"done":true},"minecraft:recipes/combat/stone_sword":{"criteria":{"has_cobblestone":"2025-08-23 18:14:20 +0000"},"done":true},"minecraft:recipes/decorations/cobblestone_wall":{"criteria":{"has_cobblestone":"2025-08-23 18:14:20 +0000"},"done":true},"minecraft:recipes/tools/stone_pickaxe":{"criteria":{"has_cobblestone":"2025-08-23 18:14:20 +0000"},"done":true},"minecraft:recipes/tools/stone_axe":{"criteria":{"has_cobblestone":"2025-08-23 18:14:20 +0000"},"done":true},"minecraft:story/mine_stone":{"criteria":{"get_stone":"2025-08-23 18:14:20 +0000"},"done":true},"minecraft:recipes/decorations/furnace":{"criteria":{"has_cobblestone":"2025-08-23 18:14:20 +0000"},"done":true},"minecraft:recipes/building_blocks/cobblestone_slab":{"criteria":{"has_cobblestone":"2025-08-23 18:14:20 +0000"},"done":true},"minecraft:recipes/building_blocks/cobblestone_slab_from_cobblestone_stonecutting":{"criteria":{"has_cobblestone":"2025-08-23 18:14:20 +0000"},"done":true},"minecraft:recipes/building_blocks/stone":{"criteria":{"has_cobblestone":"2025-08-23 18:14:20 +0000"},"done":true},"minecraft:recipes/decorations/cobblestone_wall_from_cobblestone_stonecutting":{"criteria":{"has_cobblestone":"2025-08-23 18:14:20 +0000"},"done":true},"minecraft:recipes/building_blocks/cobblestone_stairs_from_cobblestone_stonecutting":{"criteria":{"has_cobblestone":"2025-08-23 18:14:20 +0000"},"done":true},"minecraft:recipes/building_blocks/cobblestone_stairs":{"criteria":{"has_cobblestone":"2025-08-23 18:14:20 +0000"},"done":true},"minecraft:recipes/tools/stone_hoe":{"criteria":{"has_cobblestone":"2025-08-23 18:14:20 +0000"},"done":true},"minecraft:recipes/tools/stone_shovel":{"criteria":{"has_cobblestone":"2025-08-23 18:14:20 +0000"},"done":true},"minecraft:recipes/decorations/smoker":{"criteria":{"has_furnace":"2025-08-23 18:14:54 +0000"},"done":true},"minecraft:husbandry/balanced_diet":{"criteria":{"cooked_porkchop":"2025-08-23 18:56:48 +0000","bread":"2025-08-23 18:39:49 +0000","rotten_flesh":"2025-08-23 19:04:45 +0000","cooked_mutton":"2025-08-23 18:16:04 +0000","cooked_beef":"2025-08-23 18:48:18 +0000","baked_potato":"2025-08-30 19:58:22 +0000"},"done":false},"minecraft:husbandry/root":{"criteria":{"consumed_item":"2025-08-23 18:16:04 +0000"},"done":true},"minecraft:recipes/decorations/ladder":{"criteria":{"has_stick":"2025-08-23 18:16:29 +0000"},"done":true},"minecraft:recipes/decorations/campfire":{"criteria":{"has_stick":"2025-08-23 18:16:29 +0000"},"done":true},"minecraft:recipes/tools/wooden_hoe":{"criteria":{"has_stick":"2025-08-23 18:16:29 +0000"},"done":true},"minecraft:recipes/tools/wooden_shovel":{"criteria":{"has_stick":"2025-08-23 18:16:29 +0000"},"done":true},"minecraft:recipes/combat/wooden_sword":{"criteria":{"has_stick":"2025-08-23 18:16:29 +0000"},"done":true},"minecraft:recipes/decorations/torch":{"criteria":{"has_stone_pickaxe":"2025-08-23 18:16:41 +0000"},"done":true},"minecraft:story/upgrade_tools":{"criteria":{"stone_pickaxe":"2025-08-23 18:16:41 +0000"},"done":true},"minecraft:recipes/decorations/chest":{"criteria":{"has_lots_of_items":"2025-08-23 18:16:48 +0000"},"done":true},"minecraft:recipes/misc/iron_ingot_from_smelting_raw_iron":{"criteria":{"has_raw_iron":"2025-08-23 18:20:36 +0000"},"done":true},"minecraft:recipes/building_blocks/raw_iron_block":{"criteria":{"has_raw_iron":"2025-08-23 18:20:36 +0000"},"done":true},"minecraft:recipes/misc/iron_ingot_from_blasting_raw_iron":{"criteria":{"has_raw_iron":"2025-08-23 18:20:36 +0000"},"done":true},"minecraft:recipes/building_blocks/coal_block":{"criteria":{"has_coal":"2025-08-23 18:21:18 +0000"},"done":true},"minecraft:adventure/sleep_in_bed":{"criteria":{"slept_in_bed":"2025-08-23 18:26:20 +0000"},"done":true},"minecraft:adventure/kill_all_mobs":{"criteria":{"minecraft:skeleton":"2025-08-23 19:10:59 +0000","minecraft:vindicator":"2025-08-23 18:38:59 +0000","minecraft:spider":"2025-08-23 18:53:24 +0000","minecraft:vex":"2025-08-23 18:54:21 +0000","minecraft:zombie":"2025-08-23 18:27:44 +0000"},"done":false},"minecraft:adventure/kill_a_mob":{"criteria":{"minecraft:zombie":"2025-08-23 18:27:44 +0000"},"done":true},"minecraft:recipes/building_blocks/resin_block":{"criteria":{"has_resin_clump":"2025-08-23 18:30:44 +0000"},"done":true},"minecraft:recipes/misc/resin_brick":{"criteria":{"has_resin_clump":"2025-08-23 18:30:44 +0000"},"done":true},"minecraft:recipes/combat/iron_sword":{"criteria":{"has_iron_ingot":"2025-08-23 18:33:08 +0000"},"done":true},"minecraft:recipes/tools/iron_pickaxe":{"criteria":{"has_iron_ingot":"2025-08-23 18:33:08 +0000"},"done":true},"minecraft:recipes/combat/iron_leggings":{"criteria":{"has_iron_ingot":"2025-08-23 18:33:08 +0000"},"done":true},"minecraft:recipes/combat/shield":{"criteria":{"has_iron_ingot":"2025-08-23 18:33:08 +0000"},"done":true},"minecraft:recipes/redstone/hopper":{"criteria":{"has_iron_ingot":"2025-08-23 18:33:08 +0000"},"done":true},"minecraft:recipes/decorations/iron_bars":{"criteria":{"has_iron_ingot":"2025-08-23 18:33:08 +0000"},"done":true},"minecraft:recipes/combat/iron_boots":{"criteria":{"has_iron_ingot":"2025-08-23 18:33:08 +0000"},"done":true},"minecraft:recipes/combat/iron_chestplate":{"criteria":{"has_iron_ingot":"2025-08-23 18:33:08 +0000"},"done":true},"minecraft:recipes/decorations/lantern":{"criteria":{"has_iron_ingot":"2025-08-23 18:33:08 +0000"},"done":true},"minecraft:recipes/misc/iron_nugget":{"criteria":{"has_iron_ingot":"2025-08-23 18:33:08 +0000"},"done":true},"minecraft:recipes/misc/bucket":{"criteria":{"has_iron_ingot":"2025-08-23 18:33:08 +0000"},"done":true},"minecraft:recipes/combat/iron_helmet":{"criteria":{"has_iron_ingot":"2025-08-23 18:33:08 +0000"},"done":true},"minecraft:recipes/transportation/minecart":{"criteria":{"has_iron_ingot":"2025-08-23 18:33:08 +0000"},"done":true},"minecraft:recipes/tools/iron_hoe":{"criteria":{"has_iron_ingot":"2025-08-23 18:33:08 +0000"},"done":true},"minecraft:recipes/tools/iron_shovel":{"criteria":{"has_iron_ingot":"2025-08-23 18:33:08 +0000"},"done":true},"minecraft:story/smelt_iron":{"criteria":{"iron":"2025-08-23 18:33:08 +0000"},"done":true},"minecraft:recipes/tools/shears":{"criteria":{"has_iron_ingot":"2025-08-23 18:33:08 +0000"},"done":true},"minecraft:recipes/redstone/iron_trapdoor":{"criteria":{"has_iron_ingot":"2025-08-23 18:33:08 +0000"},"done":true},"minecraft:recipes/decorations/chain":{"criteria":{"has_iron_ingot":"2025-08-23 18:33:08 +0000"},"done":true},"minecraft:recipes/building_blocks/iron_block":{"criteria":{"has_iron_ingot":"2025-08-23 18:33:08 +0000"},"done":true},"minecraft:recipes/tools/iron_axe":{"criteria":{"has_iron_ingot":"2025-08-23 18:33:08 +0000"},"done":true},"minecraft:recipes/combat/crossbow":{"criteria":{"has_iron_ingot":"2025-08-23 18:33:08 +0000"},"done":true},"minecraft:recipes/decorations/smithing_table":{"criteria":{"has_iron_ingot":"2025-08-23 18:33:08 +0000"},"done":true},"minecraft:recipes/decorations/lodestone":{"criteria":{"has_iron_ingot":"2025-08-23 18:33:08 +0000"},"done":true},"minecraft:recipes/redstone/iron_door":{"criteria":{"has_iron_ingot":"2025-08-23 18:33:08 +0000"},"done":true},"minecraft:recipes/redstone/heavy_weighted_pressure_plate":{"criteria":{"has_iron_ingot":"2025-08-23 18:33:08 +0000"},"done":true},"minecraft:recipes/building_blocks/dark_oak_slab":{"criteria":{"has_planks":"2025-08-23 18:33:58 +0000"},"done":true},"minecraft:recipes/redstone/dark_oak_door":{"criteria":{"has_planks":"2025-08-23 18:33:58 +0000"},"done":true},"minecraft:recipes/redstone/dark_oak_fence_gate":{"criteria":{"has_planks":"2025-08-23 18:33:58 +0000"},"done":true},"minecraft:recipes/redstone/dark_oak_trapdoor":{"criteria":{"has_planks":"2025-08-23 18:33:58 +0000"},"done":true},"minecraft:recipes/redstone/dark_oak_button":{"criteria":{"has_planks":"2025-08-23 18:33:58 +0000"},"done":true},"minecraft:recipes/building_blocks/dark_oak_stairs":{"criteria":{"has_planks":"2025-08-23 18:33:58 +0000"},"done":true},"minecraft:recipes/decorations/dark_oak_sign":{"criteria":{"has_planks":"2025-08-23 18:33:58 +0000"},"done":true},"minecraft:recipes/redstone/dark_oak_pressure_plate":{"criteria":{"has_planks":"2025-08-23 18:33:58 +0000"},"done":true},"minecraft:recipes/decorations/dark_oak_fence":{"criteria":{"has_planks":"2025-08-23 18:33:58 +0000"},"done":true},"minecraft:recipes/building_blocks/dark_oak_planks":{"criteria":{"has_log":"2025-08-23 18:34:33 +0000"},"done":true},"minecraft:recipes/building_blocks/dark_oak_wood":{"criteria":{"has_log":"2025-08-23 18:34:33 +0000"},"done":true},"minecraft:recipes/misc/iron_nugget_from_smelting":{"criteria":{"has_iron_sword":"2025-08-23 18:37:29 +0000"},"done":true},"minecraft:recipes/misc/iron_nugget_from_blasting":{"criteria":{"has_iron_sword":"2025-08-23 18:37:29 +0000"},"done":true},"minecraft:recipes/decorations/black_bed":{"criteria":{"has_black_wool":"2025-08-23 18:38:19 +0000"},"done":true},"minecraft:recipes/decorations/black_carpet":{"criteria":{"has_black_wool":"2025-08-23 18:38:19 +0000"},"done":true},"minecraft:recipes/decorations/black_banner":{"criteria":{"has_black_wool":"2025-08-23 18:38:19 +0000"},"done":true},"minecraft:story/deflect_arrow":{"criteria":{"deflected_projectile":"2025-08-23 18:38:35 +0000"},"done":true},"minecraft:recipes/building_blocks/emerald_block":{"criteria":{"has_emerald":"2025-08-23 18:39:01 +0000"},"done":true},"minecraft:recipes/decorations/red_carpet":{"criteria":{"has_red_wool":"2025-08-23 18:41:45 +0000"},"done":true},"minecraft:recipes/decorations/red_banner":{"criteria":{"has_red_wool":"2025-08-23 18:41:45 +0000"},"done":true},"minecraft:recipes/decorations/red_bed":{"criteria":{"has_red_wool":"2025-08-23 18:41:45 +0000"},"done":true},"minecraft:recipes/food/cooked_porkchop":{"criteria":{"has_porkchop":"2025-08-23 18:42:52 +0000"},"done":true},"minecraft:recipes/food/cooked_porkchop_from_campfire_cooking":{"criteria":{"has_porkchop":"2025-08-23 18:42:52 +0000"},"done":true},"minecraft:recipes/food/cooked_porkchop_from_smoking":{"criteria":{"has_porkchop":"2025-08-23 18:42:52 +0000"},"done":true},"minecraft:recipes/combat/leather_helmet":{"criteria":{"has_leather":"2025-08-23 18:43:02 +0000"},"done":true},"minecraft:recipes/combat/leather_leggings":{"criteria":{"has_leather":"2025-08-23 18:43:02 +0000"},"done":true},"minecraft:recipes/food/cooked_beef_from_smoking":{"criteria":{"has_beef":"2025-08-23 18:43:02 +0000"},"done":true},"minecraft:recipes/decorations/item_frame":{"criteria":{"has_leather":"2025-08-23 18:43:02 +0000"},"done":true},"minecraft:recipes/combat/leather_chestplate":{"criteria":{"has_leather":"2025-08-23 18:43:02 +0000"},"done":true},"minecraft:recipes/combat/leather_boots":{"criteria":{"has_leather":"2025-08-23 18:43:02 +0000"},"done":true},"minecraft:recipes/misc/leather_horse_armor":{"criteria":{"has_leather":"2025-08-23 18:43:02 +0000"},"done":true},"minecraft:recipes/combat/saddle":{"criteria":{"has_leather":"2025-08-23 18:43:02 +0000"},"done":true},"minecraft:recipes/food/cooked_beef":{"criteria":{"has_beef":"2025-08-23 18:43:02 +0000"},"done":true},"minecraft:recipes/food/cooked_beef_from_campfire_cooking":{"criteria":{"has_beef":"2025-08-23 18:43:02 +0000"},"done":true},"minecraft:story/iron_tools":{"criteria":{"iron_pickaxe":"2025-08-23 18:51:37 +0000"},"done":true},"minecraft:recipes/combat/bow":{"criteria":{"has_string":"2025-08-23 18:53:25 +0000"},"done":true},"minecraft:recipes/tools/fishing_rod":{"criteria":{"has_string":"2025-08-23 18:53:25 +0000"},"done":true},"minecraft:recipes/building_blocks/white_wool_from_string":{"criteria":{"has_string":"2025-08-23 18:53:25 +0000"},"done":true},"minecraft:recipes/redstone/tripwire_hook":{"criteria":{"has_string":"2025-08-23 18:53:25 +0000"},"done":true},"minecraft:recipes/decorations/candle":{"criteria":{"has_string":"2025-08-23 18:53:25 +0000"},"done":true},"minecraft:recipes/decorations/loom":{"criteria":{"has_string":"2025-08-23 18:53:25 +0000"},"done":true},"minecraft:recipes/tools/bundle":{"criteria":{"has_string":"2025-08-23 18:53:25 +0000"},"done":true},"minecraft:recipes/tools/lead":{"criteria":{"has_string":"2025-08-23 18:53:25 +0000"},"done":true},"minecraft:recipes/tools/golden_axe":{"criteria":{"has_gold_ingot":"2025-08-23 18:59:54 +0000"},"done":true},"minecraft:recipes/tools/golden_pickaxe":{"criteria":{"has_gold_ingot":"2025-08-23 18:59:54 +0000"},"done":true},"minecraft:recipes/misc/gold_nugget":{"criteria":{"has_gold_ingot":"2025-08-23 18:59:54 +0000"},"done":true},"minecraft:recipes/tools/golden_shovel":{"criteria":{"has_gold_ingot":"2025-08-23 18:59:54 +0000"},"done":true},"minecraft:recipes/food/golden_apple":{"criteria":{"has_gold_ingot":"2025-08-23 18:59:54 +0000"},"done":true},"minecraft:recipes/combat/golden_boots":{"criteria":{"has_gold_ingot":"2025-08-23 18:59:54 +0000"},"done":true},"minecraft:recipes/combat/golden_helmet":{"criteria":{"has_gold_ingot":"2025-08-23 18:59:54 +0000"},"done":true},"minecraft:recipes/combat/golden_sword":{"criteria":{"has_gold_ingot":"2025-08-23 18:59:54 +0000"},"done":true},"minecraft:recipes/building_blocks/gold_block":{"criteria":{"has_gold_ingot":"2025-08-23 18:59:54 +0000"},"done":true},"minecraft:recipes/combat/golden_chestplate":{"criteria":{"has_gold_ingot":"2025-08-23 18:59:54 +0000"},"done":true},"minecraft:recipes/tools/golden_hoe":{"criteria":{"has_gold_ingot":"2025-08-23 18:59:54 +0000"},"done":true},"minecraft:recipes/redstone/light_weighted_pressure_plate":{"criteria":{"has_gold_ingot":"2025-08-23 18:59:54 +0000"},"done":true},"minecraft:recipes/combat/golden_leggings":{"criteria":{"has_gold_ingot":"2025-08-23 18:59:54 +0000"},"done":true},"minecraft:recipes/redstone/redstone_torch":{"criteria":{"has_redstone":"2025-08-23 18:59:57 +0000"},"done":true},"minecraft:recipes/tools/clock":{"criteria":{"has_redstone":"2025-08-23 18:59:57 +0000"},"done":true},"minecraft:recipes/redstone/dropper":{"criteria":{"has_redstone":"2025-08-23 18:59:57 +0000"},"done":true},"minecraft:recipes/redstone/redstone_block":{"criteria":{"has_redstone":"2025-08-23 18:59:57 +0000"},"done":true},"minecraft:recipes/redstone/note_block":{"criteria":{"has_redstone":"2025-08-23 18:59:57 +0000"},"done":true},"minecraft:recipes/redstone/target":{"criteria":{"has_redstone":"2025-08-23 18:59:57 +0000"},"done":true},"minecraft:recipes/tools/compass":{"criteria":{"has_redstone":"2025-08-23 18:59:57 +0000"},"done":true},"minecraft:recipes/redstone/piston":{"criteria":{"has_redstone":"2025-08-23 18:59:57 +0000"},"done":true},"minecraft:adventure/shoot_arrow":{"criteria":{"shot_arrow":"2025-08-23 19:00:36 +0000"},"done":true},"minecraft:recipes/transportation/dark_oak_chest_boat":{"criteria":{"has_boat":"2025-08-23 19:04:16 +0000"},"done":true},"minecraft:recipes/transportation/bamboo_chest_raft":{"criteria":{"has_boat":"2025-08-23 19:04:16 +0000"},"done":true},"minecraft:recipes/transportation/spruce_chest_boat":{"criteria":{"has_boat":"2025-08-23 19:04:16 +0000"},"done":true},"minecraft:recipes/transportation/pale_oak_chest_boat":{"criteria":{"has_boat":"2025-08-23 19:04:16 +0000"},"done":true},"minecraft:recipes/transportation/jungle_chest_boat":{"criteria":{"has_boat":"2025-08-23 19:04:16 +0000"},"done":true},"minecraft:recipes/transportation/acacia_chest_boat":{"criteria":{"has_boat":"2025-08-23 19:04:16 +0000"},"done":true},"minecraft:recipes/transportation/mangrove_chest_boat":{"criteria":{"has_boat":"2025-08-23 19:04:16 +0000"},"done":true},"minecraft:recipes/transportation/oak_chest_boat":{"criteria":{"has_boat":"2025-08-23 19:04:16 +0000"},"done":true},"minecraft:recipes/transportation/cherry_chest_boat":{"criteria":{"has_boat":"2025-08-23 19:04:16 +0000"},"done":true},"minecraft:recipes/transportation/birch_chest_boat":{"criteria":{"has_boat":"2025-08-23 19:04:16 +0000"},"done":true},"minecraft:recipes/misc/vex_armor_trim_smithing_template_smithing_trim":{"criteria":{"has_smithing_trim_template":"2025-08-23 19:07:23 +0000"},"done":true},"minecraft:recipes/misc/vex_armor_trim_smithing_template":{"criteria":{"has_vex_armor_trim_smithing_template":"2025-08-23 19:07:23 +0000"},"done":true},"minecraft:recipes/building_blocks/jack_o_lantern":{"criteria":{"has_carved_pumpkin":"2025-08-23 19:18:36 +0000"},"done":true},"minecraft:recipes/food/pumpkin_pie":{"criteria":{"has_carved_pumpkin":"2025-08-23 19:18:36 +0000"},"done":true},"minecraft:adventure/walk_on_powder_snow_with_leather_boots":{"criteria":{"walk_on_powder_snow_with_leather_boots":"2025-08-23 19:31:05 +0000"},"done":true},"minecraft:recipes/misc/wheat":{"criteria":{"has_hay_block":"2025-08-23 19:35:37 +0000"},"done":true},"minecraft:recipes/food/bread":{"criteria":{"has_wheat":"2025-08-23 19:37:06 +0000"},"done":true},"minecraft:recipes/building_blocks/hay_block":{"criteria":{"has_wheat":"2025-08-23 19:37:06 +0000"},"done":true},"minecraft:recipes/brewing/cauldron":{"criteria":{"has_water_bucket":"2025-08-23 19:45:55 +0000"},"done":true},"minecraft:recipes/building_blocks/lime_concrete_powder":{"criteria":{"has_gravel":"2025-08-23 19:48:42 +0000"},"done":true},"minecraft:recipes/building_blocks/coarse_dirt":{"criteria":{"has_gravel":"2025-08-23 19:48:42 +0000"},"done":true},"minecraft:recipes/building_blocks/light_gray_concrete_powder":{"criteria":{"has_gravel":"2025-08-23 19:48:42 +0000"},"done":true},"minecraft:recipes/building_blocks/pink_concrete_powder":{"criteria":{"has_gravel":"2025-08-23 19:48:42 +0000"},"done":true},"minecraft:recipes/building_blocks/orange_concrete_powder":{"criteria":{"has_gravel":"2025-08-23 19:48:42 +0000"},"done":true},"minecraft:recipes/building_blocks/red_concrete_powder":{"criteria":{"has_gravel":"2025-08-23 19:48:42 +0000"},"done":true},"minecraft:recipes/building_blocks/magenta_concrete_powder":{"criteria":{"has_gravel":"2025-08-23 19:48:42 +0000"},"done":true},"minecraft:recipes/building_blocks/brown_concrete_powder":{"criteria":{"has_gravel":"2025-08-23 19:48:42 +0000"},"done":true},"minecraft:recipes/building_blocks/light_blue_concrete_powder":{"criteria":{"has_gravel":"2025-08-23 19:48:42 +0000"},"done":true},"minecraft:recipes/building_blocks/green_concrete_powder":{"criteria":{"has_gravel":"2025-08-23 19:48:42 +0000"},"done":true},"minecraft:recipes/building_blocks/blue_concrete_powder":{"criteria":{"has_gravel":"2025-08-23 19:48:42 +0000"},"done":true},"minecraft:recipes/building_blocks/yellow_concrete_powder":{"criteria":{"has_gravel":"2025-08-23 19:48:42 +0000"},"done":true},"minecraft:recipes/building_blocks/white_concrete_powder":{"criteria":{"has_gravel":"2025-08-23 19:48:42 +0000"},"done":true},"minecraft:recipes/building_blocks/gray_concrete_powder":{"criteria":{"has_gravel":"2025-08-23 19:48:42 +0000"},"done":true},"minecraft:recipes/building_blocks/black_concrete_powder":{"criteria":{"has_gravel":"2025-08-23 19:48:42 +0000"},"done":true},"minecraft:recipes/building_blocks/purple_concrete_powder":{"criteria":{"has_gravel":"2025-08-23 19:48:42 +0000"},"done":true},"minecraft:recipes/building_blocks/cyan_concrete_powder":{"criteria":{"has_gravel":"2025-08-23 19:48:42 +0000"},"done":true},"minecraft:recipes/building_blocks/oak_planks":{"criteria":{"has_logs":"2025-08-23 19:52:12 +0000"},"done":true},"minecraft:recipes/building_blocks/oak_wood":{"criteria":{"has_log":"2025-08-23 19:52:12 +0000"},"done":true},"minecraft:recipes/food/suspicious_stew_from_poppy":{"criteria":{"has_poppy":"2025-08-23 19:53:41 +0000"},"done":true},"minecraft:recipes/misc/red_dye_from_poppy":{"criteria":{"has_poppy":"2025-08-23 19:53:41 +0000"},"done":true},"minecraft:recipes/building_blocks/oak_slab":{"criteria":{"has_planks":"2025-08-23 19:55:37 +0000"},"done":true},"minecraft:recipes/decorations/oak_sign":{"criteria":{"has_planks":"2025-08-23 19:55:37 +0000"},"done":true},"minecraft:recipes/redstone/oak_trapdoor":{"criteria":{"has_planks":"2025-08-23 19:55:37 +0000"},"done":true},"minecraft:recipes/redstone/oak_fence_gate":{"criteria":{"has_planks":"2025-08-23 19:55:37 +0000"},"done":true},"minecraft:recipes/redstone/oak_pressure_plate":{"criteria":{"has_planks":"2025-08-23 19:55:37 +0000"},"done":true},"minecraft:recipes/redstone/oak_door":{"criteria":{"has_planks":"2025-08-23 19:55:37 +0000"},"done":true},"minecraft:recipes/building_blocks/oak_stairs":{"criteria":{"has_planks":"2025-08-23 19:55:37 +0000"},"done":true},"minecraft:recipes/decorations/oak_fence":{"criteria":{"has_planks":"2025-08-23 19:55:37 +0000"},"done":true},"minecraft:recipes/redstone/oak_button":{"criteria":{"has_planks":"2025-08-23 19:55:37 +0000"},"done":true},"minecraft:recipes/building_blocks/dripstone_block":{"criteria":{"has_pointed_dripstone":"2025-08-23 19:59:22 +0000"},"done":true},"minecraft:recipes/building_blocks/diorite_stairs_from_diorite_stonecutting":{"criteria":{"has_diorite":"2025-08-23 20:04:11 +0000"},"done":true},"minecraft:recipes/building_blocks/polished_diorite":{"criteria":{"has_diorite":"2025-08-23 20:04:11 +0000"},"done":true},"minecraft:recipes/building_blocks/diorite_slab":{"criteria":{"has_diorite":"2025-08-23 20:04:11 +0000"},"done":true},"minecraft:recipes/decorations/diorite_wall_from_diorite_stonecutting":{"criteria":{"has_diorite":"2025-08-23 20:04:11 +0000"},"done":true},"minecraft:recipes/building_blocks/andesite":{"criteria":{"has_stone":"2025-08-23 20:04:11 +0000"},"done":true},"minecraft:recipes/building_blocks/polished_diorite_from_diorite_stonecutting":{"criteria":{"has_diorite":"2025-08-23 20:04:11 +0000"},"done":true},"minecraft:recipes/decorations/diorite_wall":{"criteria":{"has_diorite":"2025-08-23 20:04:11 +0000"},"done":true},"minecraft:recipes/building_blocks/diorite_slab_from_diorite_stonecutting":{"criteria":{"has_diorite":"2025-08-23 20:04:11 +0000"},"done":true},"minecraft:recipes/building_blocks/polished_diorite_slab_from_diorite_stonecutting":{"criteria":{"has_diorite":"2025-08-23 20:04:11 +0000"},"done":true},"minecraft:recipes/building_blocks/polished_diorite_stairs_from_diorite_stonecutting":{"criteria":{"has_diorite":"2025-08-23 20:04:11 +0000"},"done":true},"minecraft:recipes/building_blocks/diorite_stairs":{"criteria":{"has_diorite":"2025-08-23 20:04:11 +0000"},"done":true},"minecraft:recipes/misc/firework_rocket_simple":{"criteria":{"has_gunpowder":"2025-08-23 20:14:45 +0000"},"done":true},"minecraft:recipes/redstone/tnt":{"criteria":{"has_gunpowder":"2025-08-23 20:14:45 +0000"},"done":true},"minecraft:adventure/kill_mob_near_sculk_catalyst":{"criteria":{"kill_mob_near_sculk_catalyst":"2025-08-23 20:18:04 +0000"},"done":true},"minecraft:recipes/building_blocks/polished_deepslate":{"criteria":{"has_cobbled_deepslate":"2025-08-23 20:23:13 +0000"},"done":true},"minecraft:recipes/building_blocks/deepslate_tile_stairs_from_cobbled_deepslate_stonecutting":{"criteria":{"has_cobbled_deepslate":"2025-08-23 20:23:13 +0000"},"done":true},"minecraft:recipes/decorations/deepslate_brick_wall_from_cobbled_deepslate_stonecutting":{"criteria":{"has_cobbled_deepslate":"2025-08-23 20:23:13 +0000"},"done":true},"minecraft:recipes/building_blocks/polished_deepslate_from_cobbled_deepslate_stonecutting":{"criteria":{"has_cobbled_deepslate":"2025-08-23 20:23:13 +0000"},"done":true},"minecraft:recipes/building_blocks/polished_deepslate_slab_from_cobbled_deepslate_stonecutting":{"criteria":{"has_cobbled_deepslate":"2025-08-23 20:23:13 +0000"},"done":true},"minecraft:recipes/building_blocks/deepslate_brick_stairs_from_cobbled_deepslate_stonecutting":{"criteria":{"has_cobbled_deepslate":"2025-08-23 20:23:13 +0000"},"done":true},"minecraft:recipes/building_blocks/deepslate_brick_slab_from_cobbled_deepslate_stonecutting":{"criteria":{"has_cobbled_deepslate":"2025-08-23 20:23:13 +0000"},"done":true},"minecraft:recipes/building_blocks/cobbled_deepslate_slab_from_cobbled_deepslate_stonecutting":{"criteria":{"has_cobbled_deepslate":"2025-08-23 20:23:13 +0000"},"done":true},"minecraft:recipes/building_blocks/deepslate_tile_slab_from_cobbled_deepslate_stonecutting":{"criteria":{"has_cobbled_deepslate":"2025-08-23 20:23:13 +0000"},"done":true},"minecraft:recipes/building_blocks/cobbled_deepslate_stairs":{"criteria":{"has_cobbled_deepslate":"2025-08-23 20:23:13 +0000"},"done":true},"minecraft:recipes/building_blocks/chiseled_deepslate_from_cobbled_deepslate_stonecutting":{"criteria":{"has_cobbled_deepslate":"2025-08-23 20:23:13 +0000"},"done":true},"minecraft:recipes/building_blocks/cobbled_deepslate_slab":{"criteria":{"has_cobbled_deepslate":"2025-08-23 20:23:13 +0000"},"done":true},"minecraft:recipes/decorations/cobbled_deepslate_wall_from_cobbled_deepslate_stonecutting":{"criteria":{"has_cobbled_deepslate":"2025-08-23 20:23:13 +0000"},"done":true},"minecraft:recipes/decorations/deepslate_tile_wall_from_cobbled_deepslate_stonecutting":{"criteria":{"has_cobbled_deepslate":"2025-08-23 20:23:13 +0000"},"done":true},"minecraft:recipes/decorations/cobbled_deepslate_wall":{"criteria":{"has_cobbled_deepslate":"2025-08-23 20:23:13 +0000"},"done":true},"minecraft:recipes/decorations/polished_deepslate_wall_from_cobbled_deepslate_stonecutting":{"criteria":{"has_cobbled_deepslate":"2025-08-23 20:23:13 +0000"},"done":true},"minecraft:recipes/building_blocks/deepslate_bricks_from_cobbled_deepslate_stonecutting":{"criteria":{"has_cobbled_deepslate":"2025-08-23 20:23:13 +0000"},"done":true},"minecraft:recipes/building_blocks/deepslate_tiles_from_cobbled_deepslate_stonecutting":{"criteria":{"has_cobbled_deepslate":"2025-08-23 20:23:13 +0000"},"done":true},"minecraft:recipes/building_blocks/cobbled_deepslate_stairs_from_cobbled_deepslate_stonecutting":{"criteria":{"has_cobbled_deepslate":"2025-08-23 20:23:13 +0000"},"done":true},"minecraft:recipes/building_blocks/deepslate":{"criteria":{"has_cobbled_deepslate":"2025-08-23 20:23:13 +0000"},"done":true},"minecraft:recipes/building_blocks/polished_deepslate_stairs_from_cobbled_deepslate_stonecutting":{"criteria":{"has_cobbled_deepslate":"2025-08-23 20:23:13 +0000"},"done":true},"minecraft:recipes/misc/gold_ingot_from_smelting_raw_gold":{"criteria":{"has_raw_gold":"2025-08-23 20:26:13 +0000"},"done":true},"minecraft:recipes/building_blocks/raw_gold_block":{"criteria":{"has_raw_gold":"2025-08-23 20:26:13 +0000"},"done":true},"minecraft:recipes/misc/gold_ingot_from_blasting_raw_gold":{"criteria":{"has_raw_gold":"2025-08-23 20:26:13 +0000"},"done":true},"minecraft:recipes/combat/diamond_leggings":{"criteria":{"has_diamond":"2025-08-23 20:26:53 +0000"},"done":true},"minecraft:recipes/combat/diamond_sword":{"criteria":{"has_diamond":"2025-08-23 20:26:53 +0000"},"done":true},"minecraft:recipes/decorations/jukebox":{"criteria":{"has_diamond":"2025-08-23 20:26:53 +0000"},"done":true},"minecraft:recipes/combat/diamond_chestplate":{"criteria":{"has_diamond":"2025-08-23 20:26:53 +0000"},"done":true},"minecraft:recipes/combat/diamond_helmet":{"criteria":{"has_diamond":"2025-08-23 20:26:53 +0000"},"done":true},"minecraft:recipes/tools/diamond_pickaxe":{"criteria":{"has_diamond":"2025-08-23 20:26:53 +0000"},"done":true},"minecraft:recipes/building_blocks/diamond_block":{"criteria":{"has_diamond":"2025-08-23 20:26:53 +0000"},"done":true},"minecraft:recipes/tools/diamond_hoe":{"criteria":{"has_diamond":"2025-08-23 20:26:53 +0000"},"done":true},"minecraft:recipes/tools/diamond_shovel":{"criteria":{"has_diamond":"2025-08-23 20:26:53 +0000"},"done":true},"minecraft:story/mine_diamond":{"criteria":{"diamond":"2025-08-23 20:26:53 +0000"},"done":true},"minecraft:recipes/tools/diamond_axe":{"criteria":{"has_diamond":"2025-08-23 20:26:53 +0000"},"done":true},"minecraft:recipes/combat/diamond_boots":{"criteria":{"has_diamond":"2025-08-23 20:26:53 +0000"},"done":true},"minecraft:recipes/decorations/glow_item_frame":{"criteria":{"has_glow_ink_sac":"2025-08-23 20:27:17 +0000"},"done":true},"minecraft:recipes/decorations/fletching_table":{"criteria":{"has_flint":"2025-08-23 20:30:23 +0000"},"done":true},"minecraft:recipes/tools/flint_and_steel":{"criteria":{"has_flint":"2025-08-23 20:30:23 +0000"},"done":true},"minecraft:recipes/combat/arrow":{"criteria":{"has_flint":"2025-08-23 20:30:23 +0000"},"done":true},"minecraft:story/shiny_gear":{"criteria":{"diamond_chestplate":"2025-08-30 19:54:52 +0000"},"done":true},"minecraft:story/obtain_armor":{"criteria":{"iron_boots":"2025-08-30 19:55:25 +0000"},"done":true},"minecraft:recipes/food/baked_potato_from_campfire_cooking":{"criteria":{"has_potato":"2025-08-30 19:56:40 +0000"},"done":true},"minecraft:recipes/food/baked_potato_from_smoking":{"criteria":{"has_potato":"2025-08-30 19:56:40 +0000"},"done":true},"minecraft:recipes/food/baked_potato":{"criteria":{"has_potato":"2025-08-30 19:56:40 +0000"},"done":true},"minecraft:recipes/combat/magenta_harness":{"criteria":{"has_dried_ghast":"2025-08-30 20:26:05 +0000"},"done":true},"minecraft:recipes/combat/gray_harness":{"criteria":{"has_dried_ghast":"2025-08-30 20:26:05 +0000"},"done":true},"minecraft:recipes/combat/black_harness":{"criteria":{"has_dried_ghast":"2025-08-30 20:26:05 +0000"},"done":true},"minecraft:recipes/combat/yellow_harness":{"criteria":{"has_dried_ghast":"2025-08-30 20:26:05 +0000"},"done":true},"minecraft:recipes/combat/pink_harness":{"criteria":{"has_dried_ghast":"2025-08-30 20:26:05 +0000"},"done":true},"minecraft:recipes/combat/orange_harness":{"criteria":{"has_dried_ghast":"2025-08-30 20:26:05 +0000"},"done":true},"minecraft:recipes/combat/light_blue_harness":{"criteria":{"has_dried_ghast":"2025-08-30 20:26:05 +0000"},"done":true},"minecraft:recipes/combat/cyan_harness":{"criteria":{"has_dried_ghast":"2025-08-30 20:26:05 +0000"},"done":true},"minecraft:recipes/combat/red_harness":{"criteria":{"has_dried_ghast":"2025-08-30 20:26:05 +0000"},"done":true},"minecraft:recipes/combat/brown_harness":{"criteria":{"has_dried_ghast":"2025-08-30 20:26:05 +0000"},"done":true},"minecraft:recipes/combat/green_harness":{"criteria":{"has_dried_ghast":"2025-08-30 20:26:05 +0000"},"done":true},"minecraft:recipes/combat/purple_harness":{"criteria":{"has_dried_ghast":"2025-08-30 20:26:05 +0000"},"done":true},"minecraft:recipes/combat/white_harness":{"criteria":{"has_dried_ghast":"2025-08-30 20:26:05 +0000"},"done":true},"minecraft:recipes/combat/lime_harness":{"criteria":{"has_dried_ghast":"2025-08-30 20:26:05 +0000"},"done":true},"minecraft:recipes/combat/blue_harness":{"criteria":{"has_dried_ghast":"2025-08-30 20:26:05 +0000"},"done":true},"minecraft:recipes/combat/light_gray_harness":{"criteria":{"has_dried_ghast":"2025-08-30 20:26:05 +0000"},"done":true},"minecraft:recipes/decorations/mossy_cobblestone_wall":{"criteria":{"has_mossy_cobblestone":"2025-08-30 20:30:44 +0000"},"done":true},"minecraft:recipes/building_blocks/mossy_cobblestone_slab_from_mossy_cobblestone_stonecutting":{"criteria":{"has_mossy_cobblestone":"2025-08-30 20:30:44 +0000"},"done":true},"minecraft:recipes/building_blocks/mossy_cobblestone_stairs_from_mossy_cobblestone_stonecutting":{"criteria":{"has_mossy_cobblestone":"2025-08-30 20:30:44 +0000"},"done":true},"minecraft:recipes/decorations/mossy_cobblestone_wall_from_mossy_cobblestone_stonecutting":{"criteria":{"has_mossy_cobblestone":"2025-08-30 20:30:44 +0000"},"done":true},"minecraft:recipes/building_blocks/mossy_cobblestone_slab":{"criteria":{"has_mossy_cobblestone":"2025-08-30 20:30:44 +0000"},"done":true},"minecraft:recipes/building_blocks/mossy_cobblestone_stairs":{"criteria":{"has_mossy_cobblestone":"2025-08-30 20:30:44 +0000"},"done":true},"minecraft:recipes/decorations/snow":{"criteria":{"has_snowball":"2025-08-30 20:59:48 +0000"},"done":true},"minecraft:recipes/building_blocks/snow_block":{"criteria":{"has_snowball":"2025-08-30 20:59:48 +0000"},"done":true},"minecraft:husbandry/place_dried_ghast_in_water":{"criteria":{"place_dried_ghast_in_water":"2025-08-30 21:03:31 +0000"},"done":true},"minecraft:recipes/food/suspicious_stew_from_cornflower":{"criteria":{"has_cornflower":"2025-08-30 21:18:37 +0000"},"done":true},"minecraft:recipes/misc/blue_dye_from_cornflower":{"criteria":{"has_cornflower":"2025-08-30 21:18:37 +0000"},"done":true},"DataVersion":4440}